,trialsIdx,conditions,rOri,lOri,xvals,respLoc,accuracy,targetLoc,RT,factor2
1,0,0,0.0,0.0,0.0,0,0,0,0.0,0
2,3,1,0.75,0.75,0.291182282,2,1,2,0.49629879,0
4,5,-1,-0.75,0.75,0.497498683,2,0,1,0.636641979,0
13,14,1,-0.75,0.75,0.85,2,0,1,0.467675209,0
14,15,1,-0.75,-0.75,0.291182282,2,1,1,0.506321907,0
16,17,-1,0.75,0.75,0.291182282,2,1,2,0.60177803,0
17,18,1,-0.75,-0.75,0.058382673,2,0,2,0.339079142,0
23,24,1,-0.75,0.75,0.85,2,0,1,0.366484165,0
27,28,-1,-0.75,-0.75,0.099749555,2,1,1,0.446033001,0
28,29,1,0.75,-0.75,0.85,2,1,1,0.398980141,0
29,30,1,0.75,-0.75,0.497498683,2,1,1,0.377597809,0
30,31,1,-0.75,-0.75,0.85,2,1,1,0.24481988,0
31,32,1,0.75,-0.75,0.497498683,2,1,1,0.313171864,0
34,35,-1,0.75,0.75,0.058382673,2,1,2,0.473439693,0
35,36,1,-0.75,0.75,0.034170945,2,1,2,0.376446962,0
38,39,0,-0.75,-0.75,0.099749555,2,0,2,0.314332962,0
39,40,1,-0.75,-0.75,0.497498683,2,0,2,0.551221848,0
41,0,0,0.0,0.0,0.0,0,0,0,0.0,0
42,43,1,0.75,0.75,0.497498683,2,1,2,0.322263241,0
45,46,1,0.75,-0.75,0.291182282,2,0,2,0.560922384,0
46,47,1,0.75,0.75,0.02,2,0,1,0.929804325,0
47,48,1,-0.75,0.75,0.170426826,2,1,2,0.341005564,0
48,0,0,0.0,0.0,0.0,0,0,0,0.0,0
50,0,0,0.0,0.0,0.0,0,0,0,0.0,0
51,52,1,0.75,0.75,0.058382673,2,1,2,0.408694983,0
52,53,-1,0.75,0.75,0.170426826,2,1,2,0.46940732,0
53,0,0,0.0,0.0,0.0,0,0,0,0.0,0
55,0,0,0.0,0.0,0.0,0,0,0,0.0,0
58,59,-1,0.75,0.75,0.291182282,2,0,1,0.574856281,0
59,60,1,-0.75,-0.75,0.497498683,2,1,1,0.487361193,0
62,63,1,0.75,0.75,0.85,2,1,2,0.359167337,0
63,64,1,0.75,-0.75,0.034170945,2,1,1,0.499142408,0
64,65,-1,-0.75,0.75,0.291182282,2,0,1,0.415926456,0
67,68,-1,-0.75,-0.75,0.034170945,2,0,2,0.361455679,0
71,72,-1,-0.75,0.75,0.058382673,2,0,1,0.402089834,0
72,73,1,0.75,-0.75,0.058382673,2,1,1,0.332466125,0
73,74,1,0.75,0.75,0.099749555,2,0,1,0.596425772,0
75,76,1,0.75,-0.75,0.497498683,2,1,1,0.35300374,0
76,77,1,-0.75,0.75,0.291182282,2,1,2,0.522494555,0
80,81,1,-0.75,-0.75,0.85,2,1,1,0.462600946,0
82,83,-1,0.75,-0.75,0.291182282,2,1,1,0.508188963,0
83,84,0,-0.75,0.75,0.02,2,0,1,0.514524937,0
85,86,1,-0.75,-0.75,0.170426826,2,1,1,0.399013996,0
86,87,0,0.75,0.75,0.291182282,2,1,2,0.331952095,0
87,88,1,0.75,-0.75,0.02,2,0,2,0.351963758,0
88,89,1,-0.75,-0.75,0.291182282,2,1,1,0.361698866,0
91,0,0,0.0,0.0,0.0,0,0,0,0.0,0
93,0,0,0.0,0.0,0.0,0,0,0,0.0,0
96,97,1,0.75,0.75,0.497498683,2,1,2,0.398458004,0
97,0,0,0.0,0.0,0.0,0,0,0,0.0,0
98,99,0,0.75,0.75,0.02,2,0,1,0.595048904,0
99,100,-1,-0.75,0.75,0.497498683,2,1,2,0.51609087,0
100,0,0,0.0,0.0,0.0,0,0,0,0.0,0
101,42,1,0.75,0.75,0.170426826,2,1,2,0.353734732,0
102,49,1,-0.75,-0.75,0.02,2,0,2,0.401196241,0
104,54,1,0.75,0.75,0.497498683,2,1,2,0.339584827,0
106,92,1,-0.75,-0.75,0.170426826,2,1,1,0.282891989,0
110,101,1,0.75,-0.75,0.170426826,2,1,1,0.445287228,0
111,102,1,0.75,0.75,0.099749555,2,1,2,0.351542711,0
114,105,1,-0.75,0.75,0.497498683,2,1,2,0.42008996,0
115,106,1,0.75,0.75,0.058382673,2,1,2,1.264252901,0
116,0,0,0.0,0.0,0.0,0,0,0,0.0,0
117,108,1,0.75,0.75,0.099749555,2,1,2,0.847148657,0
119,0,0,0.0,0.0,0.0,0,0,0,0.0,0
123,114,1,-0.75,-0.75,0.099749555,2,0,2,0.397501945,0
124,0,0,0.0,0.0,0.0,0,0,0,0.0,0
126,117,0,0.75,-0.75,0.02,2,1,1,0.698189735,0
127,118,0,-0.75,-0.75,0.291182282,2,0,2,0.618543386,0
128,0,0,0.0,0.0,0.0,0,0,0,0.0,0
129,120,1,-0.75,-0.75,0.85,2,0,2,0.499503374,0
132,0,0,0.0,0.0,0.0,0,0,0,0.0,0
133,124,0,0.75,0.75,0.099749555,2,1,2,0.664649963,0
135,126,1,0.75,-0.75,0.85,2,0,2,0.483255148,0
137,128,1,0.75,-0.75,0.85,2,0,2,0.522809029,0
138,129,1,0.75,-0.75,0.099749555,2,0,2,0.609922886,0
139,130,1,-0.75,-0.75,0.02,2,1,1,0.545165062,0
140,131,0,-0.75,0.75,0.170426826,2,1,2,0.679782629,0
141,132,-1,0.75,-0.75,0.85,2,0,2,1.131583691,0
142,133,1,0.75,-0.75,0.170426826,2,1,1,0.422140121,0
144,135,1,-0.75,0.75,0.291182282,2,1,2,0.550089836,0
145,136,1,0.75,0.75,0.034170945,2,1,2,0.415586233,0
146,137,0,-0.75,0.75,0.291182282,2,0,1,0.720329762,0
148,0,0,0.0,0.0,0.0,0,0,0,0.0,0
149,140,1,-0.75,0.75,0.170426826,2,1,2,0.468209982,0
151,142,1,-0.75,-0.75,0.058382673,2,0,2,0.481657982,0
152,143,0,0.75,0.75,0.170426826,2,1,2,0.492671013,0
153,144,-1,0.75,-0.75,0.170426826,2,0,2,1.186837912,0
154,145,1,0.75,-0.75,0.170426826,2,0,2,0.497092724,0
155,146,1,0.75,0.75,0.034170945,2,1,2,0.532514811,0
156,147,0,-0.75,-0.75,0.170426826,2,1,1,0.680814981,0
157,148,1,0.75,-0.75,0.170426826,2,1,1,0.462501049,0
160,151,1,0.75,-0.75,0.099749555,2,0,2,0.609811783,0
163,154,1,0.75,-0.75,0.099749555,2,0,2,0.716582537,0
164,155,-1,-0.75,0.75,0.85,2,1,2,0.857404947,0
166,157,1,-0.75,0.75,0.02,2,1,2,0.857876778,0
169,160,1,0.75,-0.75,0.058382673,2,0,2,0.503203869,0
170,161,1,0.75,0.75,0.058382673,2,1,2,0.977754593,0
171,162,0,-0.75,0.75,0.291182282,2,0,1,0.557052135,0
173,164,-1,0.75,-0.75,0.02,2,1,1,0.687606096,0
174,165,0,-0.75,-0.75,0.291182282,2,0,2,0.574038744,0
178,169,0,-0.75,-0.75,0.497498683,2,1,1,0.40372014,0
181,172,-1,-0.75,-0.75,0.099749555,2,0,2,0.691765785,0
182,173,1,-0.75,-0.75,0.170426826,2,1,1,0.41065073,0
184,175,-1,0.75,-0.75,0.85,2,1,1,0.538563967,0
187,178,0,0.75,-0.75,0.85,2,1,1,1.415459394,0
190,181,0,-0.75,-0.75,0.291182282,2,1,1,0.868834019,0
193,0,0,0.0,0.0,0.0,0,0,0,0.0,0
196,0,0,0.0,0.0,0.0,0,0,0,0.0,0
197,0,0,0.0,0.0,0.0,0,0,0,0.0,0
200,191,-1,-0.75,-0.75,0.034170945,2,0,2,0.869714975,0
201,192,0,-0.75,0.75,0.02,2,0,1,0.940341711,0
203,194,0,-0.75,0.75,0.170426826,2,1,2,0.559351683,0
206,197,1,-0.75,-0.75,0.058382673,2,0,2,0.484232426,0
207,198,-1,0.75,0.75,0.034170945,2,0,1,0.596226215,0
209,0,0,0.0,0.0,0.0,0,0,0,0.0,0
210,107,1,-0.75,0.75,0.034170945,2,1,2,0.580781698,0
213,119,1,0.75,-0.75,0.85,2,0,2,1.482193232,0
216,184,1,0.75,0.75,0.02,2,1,2,0.931835651,0
218,188,1,-0.75,0.75,0.099749555,2,1,2,0.447238922,0
219,200,0,-0.75,-0.75,0.85,2,1,1,0.749605417,0
220,201,0,0.75,0.75,0.291182282,2,1,2,0.366346836,0
221,202,1,-0.75,0.75,0.85,2,1,2,0.321367025,0
223,204,-1,0.75,0.75,0.85,2,1,2,0.418372154,0
224,205,1,0.75,0.75,0.497498683,2,1,2,0.36481595,0
225,206,0,0.75,-0.75,0.02,2,1,1,0.58242321,0
226,207,1,-0.75,-0.75,0.034170945,2,1,1,0.494740963,0
229,210,1,-0.75,-0.75,0.291182282,2,1,1,0.348842859,0
232,213,0,-0.75,-0.75,0.170426826,2,1,1,0.347793102,0
233,214,1,0.75,-0.75,0.85,2,1,1,0.361358643,0
234,215,1,-0.75,0.75,0.85,2,1,2,0.388202906,0
235,216,0,0.75,-0.75,0.497498683,2,1,1,1.418398142,0
236,217,1,0.75,-0.75,0.099749555,2,1,1,0.506043673,0
237,218,1,0.75,0.75,0.497498683,2,1,2,0.320142984,0
238,0,0,0.0,0.0,0.0,0,0,0,0.0,0
239,220,1,0.75,-0.75,0.034170945,2,0,2,0.400067568,0
240,221,1,0.75,0.75,0.291182282,2,1,2,1.495573044,0
241,222,0,-0.75,0.75,0.058382673,2,1,2,0.50928688,0
243,224,-1,0.75,0.75,0.034170945,2,0,1,0.49022913,0
245,226,-1,0.75,0.75,0.291182282,2,1,2,0.521440744,0
248,229,1,-0.75,-0.75,0.85,2,1,1,0.427228212,0
250,231,-1,0.75,-0.75,0.291182282,2,0,2,0.613857031,0
253,234,1,0.75,0.75,0.02,2,0,1,0.791539192,0
257,238,1,-0.75,0.75,0.058382673,2,1,2,0.531876087,0
258,239,-1,-0.75,-0.75,0.099749555,2,0,2,0.990042925,0
261,242,1,-0.75,0.75,0.02,2,0,1,0.425111294,0
264,245,0,-0.75,0.75,0.034170945,2,0,1,0.644336224,0
266,247,1,0.75,0.75,0.170426826,2,1,2,0.36809206,0
267,248,0,-0.75,-0.75,0.170426826,2,1,1,0.49634099,0
270,251,1,-0.75,0.75,0.034170945,2,0,1,0.52882719,0
271,252,-1,-0.75,0.75,0.291182282,2,1,2,0.514686823,0
272,253,1,0.75,-0.75,0.02,2,1,1,0.423226595,0
273,254,1,-0.75,-0.75,0.02,2,1,1,0.432804823,0
274,255,1,0.75,-0.75,0.02,2,0,2,0.361302137,0
275,0,0,0.0,0.0,0.0,0,0,0,0.0,0
276,257,1,0.75,-0.75,0.02,2,1,1,0.35178113,0
277,258,1,0.75,-0.75,0.034170945,2,0,2,0.443230391,0
278,259,-1,-0.75,-0.75,0.497498683,2,1,1,0.567691803,0
282,263,-1,0.75,-0.75,0.099749555,2,0,2,0.48271203,0
283,264,0,-0.75,-0.75,0.058382673,2,0,2,0.440323353,0
284,265,-1,-0.75,0.75,0.099749555,2,1,2,0.50366044,0
286,267,1,-0.75,0.75,0.291182282,2,1,2,0.393015385,0
288,269,1,-0.75,0.75,0.034170945,2,1,2,0.756637096,0
289,0,0,0.0,0.0,0.0,0,0,0,0.0,0
293,274,-1,0.75,-0.75,0.170426826,2,0,2,0.496446371,0
294,275,-1,0.75,0.75,0.058382673,2,1,2,0.971719742,0
297,278,1,0.75,0.75,0.497498683,2,1,2,0.647674799,0
299,280,1,-0.75,-0.75,0.291182282,2,1,1,0.448288679,0
301,282,0,0.75,0.75,0.034170945,2,0,1,1.906917572,0
302,283,1,0.75,-0.75,0.058382673,2,1,1,0.671425104,0
303,284,1,0.75,-0.75,0.170426826,2,1,1,0.500607729,0
311,292,1,-0.75,-0.75,0.291182282,2,1,1,1.716511965,0
312,293,1,-0.75,0.75,0.85,2,1,2,0.424982071,0
313,294,-1,-0.75,-0.75,0.034170945,2,0,2,0.425690651,0
314,295,1,-0.75,0.75,0.497498683,2,1,2,0.442860603,0
315,296,1,0.75,-0.75,0.058382673,2,0,2,0.407032251,0
316,297,1,-0.75,-0.75,0.85,2,1,1,0.82354188,0
320,219,-1,-0.75,0.75,0.099749555,2,0,1,0.702623129,0
322,270,1,-0.75,-0.75,0.02,2,1,1,1.041543484,0
323,301,1,0.75,-0.75,0.291182282,2,1,1,1.339253426,0
325,303,-1,-0.75,-0.75,0.099749555,2,1,1,0.533567905,0
326,304,0,0.75,-0.75,0.497498683,2,1,1,1.537471771,0
328,306,-1,0.75,0.75,0.85,2,1,2,0.587064028,0
330,308,1,0.75,0.75,0.291182282,2,1,2,0.505736351,0
331,309,-1,-0.75,0.75,0.85,2,1,2,0.463731527,0
332,310,1,0.75,-0.75,0.099749555,2,0,2,0.715308666,0
334,312,0,0.75,0.75,0.85,2,1,2,1.559079409,0
335,313,1,0.75,0.75,0.099749555,2,1,2,0.561541796,0
336,314,1,-0.75,-0.75,0.034170945,2,0,2,0.795565128,0
338,316,-1,0.75,-0.75,0.099749555,2,0,2,0.818115711,0
342,320,0,0.75,0.75,0.02,2,1,2,0.518406153,0
343,321,1,-0.75,-0.75,0.291182282,2,1,1,0.51324439,0
344,322,1,-0.75,-0.75,0.099749555,2,1,1,0.871301174,0
345,323,-1,0.75,-0.75,0.058382673,2,1,1,0.61428237,0
346,324,-1,-0.75,0.75,0.497498683,2,1,2,0.846364737,0
348,326,0,-0.75,0.75,0.058382673,2,1,2,0.523420095,0
349,327,1,0.75,-0.75,0.497498683,2,1,1,0.315042734,0
350,328,0,0.75,0.75,0.058382673,2,1,2,0.349087715,0
351,329,0,-0.75,-0.75,0.02,2,1,1,0.57130599,0
355,333,-1,0.75,0.75,0.85,2,1,2,0.6488204,0
356,334,1,-0.75,-0.75,0.291182282,2,1,1,0.662985325,0
360,338,0,-0.75,0.75,0.02,2,0,1,0.413902998,0
362,340,-1,0.75,-0.75,0.099749555,2,1,1,0.80734396,0
364,342,1,0.75,0.75,0.170426826,2,1,2,0.304290295,0
365,343,1,0.75,0.75,0.099749555,2,1,2,0.290821314,0
366,344,1,0.75,0.75,0.170426826,2,1,2,0.737579823,0
369,347,1,0.75,-0.75,0.497498683,2,1,1,0.448150158,0
370,348,-1,0.75,-0.75,0.85,2,1,1,0.435170889,0
372,350,1,0.75,-0.75,0.291182282,2,1,1,0.306177855,0
374,352,-1,-0.75,-0.75,0.291182282,2,0,2,0.580447674,0
375,353,0,-0.75,-0.75,0.85,2,1,1,0.30739212,0
376,354,-1,-0.75,-0.75,0.099749555,2,0,2,0.506561279,0
380,358,1,0.75,-0.75,0.034170945,2,1,1,0.522313118,0
381,359,1,0.75,0.75,0.170426826,2,1,2,0.31061697,0
384,362,1,0.75,0.75,0.497498683,2,0,1,0.652649879,0
387,365,1,-0.75,0.75,0.291182282,2,1,2,0.582108498,0
389,367,1,-0.75,-0.75,0.099749555,2,0,2,0.533650875,0
390,368,-1,-0.75,0.75,0.291182282,2,0,1,1.302790642,0
391,369,0,-0.75,0.75,0.034170945,2,0,1,0.748373985,0
395,373,1,0.75,0.75,0.497498683,2,0,1,1.744867563,0
396,374,1,-0.75,0.75,0.170426826,2,1,2,0.460656166,0
400,378,1,-0.75,0.75,0.497498683,2,1,2,1.034492731,0
406,384,1,-0.75,0.75,0.170426826,2,0,1,0.493804693,0
407,0,0,0.0,0.0,0.0,0,0,0,0.0,0
409,387,-1,0.75,0.75,0.058382673,2,1,2,0.563726664,0
411,389,-1,0.75,0.75,0.85,2,1,2,1.894824743,0
417,395,-1,-0.75,0.75,0.02,2,0,1,0.563183069,0
420,398,1,-0.75,-0.75,0.170426826,2,0,2,0.67677021,0
427,404,1,0.75,0.75,0.85,2,1,2,0.449981213,0
429,406,0,-0.75,0.75,0.85,2,1,2,0.489918947,0
430,407,-1,0.75,-0.75,0.497498683,2,0,2,0.630666733,0
437,414,1,-0.75,0.75,0.170426826,2,1,2,0.424661875,0
439,416,-1,-0.75,-0.75,0.058382673,2,0,2,0.644686222,0
440,417,0,-0.75,-0.75,0.291182282,2,0,2,0.922393799,0
442,419,0,0.75,-0.75,0.170426826,2,0,2,0.479385376,0
443,420,1,0.75,0.75,0.034170945,2,1,2,1.067684889,0
446,423,-1,0.75,0.75,0.170426826,2,0,1,1.716666937,0
447,424,1,-0.75,0.75,0.099749555,2,1,2,0.736961126,0
449,426,-1,-0.75,-0.75,0.170426826,2,1,1,0.557184458,0
451,428,-1,0.75,0.75,0.099749555,2,0,1,0.558650017,0
452,429,1,-0.75,0.75,0.058382673,2,1,2,0.733943224,0
454,431,1,-0.75,-0.75,0.034170945,2,0,2,0.560750246,0
455,432,0,0.75,-0.75,0.291182282,2,1,1,0.661453009,0
458,435,-1,-0.75,-0.75,0.170426826,2,0,2,1.019893169,0
459,436,1,-0.75,0.75,0.85,2,0,1,1.2483778,0
461,438,1,-0.75,0.75,0.099749555,2,1,2,1.409183741,0
462,439,1,0.75,-0.75,0.170426826,2,1,1,0.924059868,0
463,440,1,-0.75,-0.75,0.497498683,2,0,2,0.481112719,0
467,444,1,0.75,-0.75,0.099749555,2,0,2,0.970999002,0
468,445,1,-0.75,-0.75,0.291182282,2,0,2,1.640204906,0
469,446,-1,-0.75,-0.75,0.02,2,0,2,0.818082333,0
470,447,0,0.75,-0.75,0.058382673,2,0,2,1.541918993,0
471,448,1,-0.75,0.75,0.099749555,2,1,2,0.440930843,0
473,450,1,0.75,0.75,0.170426826,2,0,1,0.606647968,0
476,453,0,0.75,0.75,0.170426826,2,1,2,0.90673995,0
478,455,1,-0.75,-0.75,0.291182282,2,1,1,0.472154856,0
483,460,1,0.75,-0.75,0.170426826,2,1,1,0.570510626,0
484,461,0,-0.75,-0.75,0.02,2,1,1,0.447295904,0
487,464,1,0.75,-0.75,0.058382673,2,0,2,1.268170118,0
489,466,-1,-0.75,-0.75,0.85,2,0,2,1.670041084,0
491,468,1,-0.75,0.75,0.02,2,0,1,0.740611792,0
492,469,0,0.75,-0.75,0.034170945,2,0,2,1.09048748,0
493,470,1,-0.75,0.75,0.291182282,2,0,1,2.113337994,0
494,471,0,-0.75,-0.75,0.291182282,2,1,1,0.707874537,0
496,473,0,0.75,-0.75,0.099749555,2,1,1,0.519803047,0
499,476,1,-0.75,-0.75,0.034170945,2,1,1,0.953806877,0
500,477,1,-0.75,0.75,0.099749555,2,0,1,0.988812208,0
502,479,-1,0.75,0.75,0.034170945,2,1,2,0.54557991,0
503,480,1,-0.75,0.75,0.291182282,2,1,2,0.383959293,0
504,481,-1,-0.75,0.75,0.099749555,2,1,2,0.527314901,0
505,482,0,-0.75,0.75,0.85,2,1,2,0.321618795,0
506,483,0,-0.75,0.75,0.099749555,2,1,2,0.327790022,0
507,484,1,0.75,-0.75,0.291182282,2,1,1,0.55756402,0
510,487,1,0.75,0.75,0.034170945,2,1,2,0.70715332,0
511,488,1,0.75,-0.75,0.099749555,2,1,1,0.311467409,0
513,490,-1,0.75,-0.75,0.291182282,2,1,1,0.5753057,0
514,491,-1,-0.75,0.75,0.497498683,2,1,2,1.20237422,0
516,493,1,-0.75,-0.75,0.058382673,2,1,1,0.498482704,0
517,494,1,-0.75,-0.75,0.099749555,2,0,2,0.592352867,0
519,496,1,-0.75,0.75,0.058382673,2,0,1,0.587493896,0
520,497,0,0.75,0.75,0.02,2,1,2,0.904921055,0
522,0,0,0.0,0.0,0.0,0,0,0,0.0,0
523,500,1,0.75,0.75,0.02,2,0,1,0.679855824,0
524,499,1,0.75,0.75,0.099749555,2,1,2,0.532050133,0
526,502,1,0.75,-0.75,0.02,2,0,2,0.55383873,0
527,503,-1,-0.75,-0.75,0.291182282,2,1,1,1.101832628,0
529,505,1,-0.75,0.75,0.058382673,2,1,2,0.44154501,0
530,506,1,0.75,0.75,0.02,2,1,2,0.540260553,0
532,508,1,0.75,0.75,0.291182282,2,1,2,0.419730902,0
533,509,1,-0.75,-0.75,0.058382673,2,0,2,0.404270887,0
534,510,1,0.75,0.75,0.291182282,2,1,2,0.501578331,0
536,512,0,-0.75,0.75,0.099749555,2,0,1,1.437937975,0
538,514,1,-0.75,-0.75,0.85,2,1,1,0.337918282,0
540,516,0,-0.75,0.75,0.034170945,2,0,1,0.572016478,0
541,517,1,-0.75,-0.75,0.099749555,2,0,2,0.661508799,0
542,518,1,-0.75,-0.75,0.099749555,2,1,1,0.520823002,0
544,520,1,0.75,-0.75,0.099749555,2,0,2,1.780376911,0
547,523,0,-0.75,0.75,0.058382673,2,1,2,1.240530014,0
549,525,1,0.75,0.75,0.058382673,2,0,1,0.531686783,0
550,526,1,0.75,0.75,0.099749555,2,0,1,1.668559551,0
552,528,1,-0.75,0.75,0.058382673,2,0,1,0.446151257,0
555,531,1,0.75,-0.75,0.497498683,2,0,2,0.67959094,0
556,532,1,-0.75,0.75,0.85,2,1,2,0.699069738,0
557,533,1,-0.75,-0.75,0.058382673,2,0,2,0.368353844,0
558,534,1,-0.75,-0.75,0.034170945,2,1,1,0.55334878,0
560,536,1,-0.75,0.75,0.099749555,2,1,2,0.467180967,0
564,540,1,-0.75,-0.75,0.85,2,0,2,0.693785906,0
565,541,1,-0.75,-0.75,0.291182282,2,1,1,0.663960218,0
566,542,1,-0.75,0.75,0.497498683,2,1,2,0.639052153,0
569,545,0,0.75,0.75,0.497498683,2,1,2,0.590778828,0
570,546,0,-0.75,0.75,0.497498683,2,1,2,0.398275614,0
571,547,1,-0.75,0.75,0.497498683,2,1,2,0.417725801,0
574,550,0,-0.75,0.75,0.058382673,2,1,2,0.68466568,0
575,551,-1,-0.75,0.75,0.291182282,2,1,2,0.506137848,0
576,552,1,-0.75,0.75,0.034170945,2,0,1,0.505968094,0
580,556,-1,-0.75,-0.75,0.85,2,0,2,0.624896049,0
582,558,1,0.75,-0.75,0.497498683,2,1,1,0.636348963,0
583,559,1,-0.75,-0.75,0.02,2,0,2,0.628422499,0
588,564,1,-0.75,-0.75,0.02,2,1,1,0.399817467,0
590,566,-1,0.75,0.75,0.099749555,2,1,2,0.576756716,0
593,0,0,0.0,0.0,0.0,0,0,0,0.0,0
594,0,0,0.0,0.0,0.0,0,0,0,0.0,0
595,571,0,0.75,-0.75,0.85,2,1,1,1.265038252,0
596,572,-1,-0.75,0.75,0.02,2,0,1,2.057623148,0
597,573,-1,0.75,-0.75,0.85,2,1,1,1.262423515,0
598,574,-1,0.75,-0.75,0.170426826,2,1,1,0.470181942,0
600,576,1,0.75,-0.75,0.099749555,2,0,2,0.499519825,0
601,577,0,0.75,-0.75,0.02,2,1,1,1.094044924,0
602,578,-1,0.75,-0.75,0.034170945,2,1,1,0.483050585,0
603,579,1,0.75,-0.75,0.85,2,1,1,0.483412027,0
604,580,1,-0.75,-0.75,0.170426826,2,1,1,0.328068972,0
605,581,1,0.75,0.75,0.058382673,2,1,2,0.509200335,0
607,583,1,-0.75,-0.75,0.85,2,1,1,0.619059086,0
613,0,0,0.0,0.0,0.0,0,0,0,0.0,0
614,590,1,-0.75,-0.75,0.85,2,1,1,0.377613783,0
618,0,0,0.0,0.0,0.0,0,0,0,0.0,0
619,595,1,0.75,-0.75,0.058382673,2,1,1,0.661422253,0
621,597,1,0.75,0.75,0.058382673,2,0,1,0.499814749,0
622,0,0,0.0,0.0,0.0,0,0,0,0.0,0
623,599,0,-0.75,0.75,0.099749555,2,1,2,0.765226841,0
626,570,1,0.75,0.75,0.034170945,2,0,1,0.49525094,0
628,594,1,-0.75,0.75,0.058382673,2,0,1,0.388075829,0
631,602,1,0.75,0.75,0.85,2,1,2,0.662045717,0
632,603,-1,0.75,0.75,0.170426826,2,0,1,1.454473972,0
634,605,1,-0.75,0.75,0.291182282,2,1,2,0.383898497,0
635,606,1,0.75,-0.75,0.02,2,1,1,0.432908058,0
636,607,1,-0.75,0.75,0.497498683,2,1,2,0.969274521,0
637,608,1,-0.75,0.75,0.291182282,2,1,2,0.453386784,0
639,610,0,-0.75,0.75,0.85,2,1,2,0.395200491,0
643,614,-1,0.75,-0.75,0.291182282,2,1,1,0.563740253,0
644,615,0,0.75,0.75,0.02,2,0,1,0.600716114,0
646,617,0,0.75,0.75,0.291182282,2,1,2,0.400129795,0
649,620,-1,-0.75,0.75,0.058382673,2,1,2,0.653575659,0
650,621,1,0.75,-0.75,0.170426826,2,1,1,0.334045887,0
653,624,1,-0.75,0.75,0.034170945,2,1,2,0.398709297,0
655,626,1,-0.75,0.75,0.058382673,2,0,1,0.377566814,0
656,627,1,0.75,0.75,0.058382673,2,0,1,0.496270895,0
658,629,0,0.75,0.75,0.291182282,2,1,2,0.323598385,0
660,631,1,-0.75,-0.75,0.85,2,1,1,0.303007841,0
664,635,1,-0.75,-0.75,0.497498683,2,1,1,0.322918177,0
665,636,1,0.75,-0.75,0.058382673,2,1,1,0.436440706,0
666,637,1,0.75,-0.75,0.058382673,2,0,2,0.511303902,0
667,638,1,-0.75,-0.75,0.497498683,2,1,1,0.314077854,0
673,644,1,0.75,0.75,0.85,2,1,2,0.604038715,0
674,645,0,-0.75,0.75,0.058382673,2,1,2,0.627702713,0
679,650,1,0.75,-0.75,0.291182282,2,1,1,0.753820658,0
680,651,1,0.75,0.75,0.034170945,2,1,2,0.611351967,0
684,655,1,0.75,0.75,0.099749555,2,1,2,1.013697624,0
690,661,-1,-0.75,-0.75,0.497498683,2,0,2,0.632014036,0
691,662,1,-0.75,0.75,0.85,2,1,2,0.47262311,0
692,663,0,-0.75,0.75,0.170426826,2,1,2,0.496342897,0
696,667,1,-0.75,0.75,0.497498683,2,1,2,0.351338148,0
701,672,-1,0.75,-0.75,0.02,2,1,1,0.364179611,0
704,675,0,0.75,-0.75,0.85,2,1,1,0.507096529,0
705,676,-1,-0.75,0.75,0.85,2,1,2,0.881511211,0
708,679,0,-0.75,0.75,0.058382673,2,1,2,0.382102966,0
709,680,1,0.75,0.75,0.02,2,1,2,0.471171856,0
711,682,1,0.75,-0.75,0.099749555,2,1,1,0.90312624,0
712,683,1,0.75,-0.75,0.170426826,2,0,2,0.352109194,0
714,685,-1,-0.75,-0.75,0.85,2,0,2,1.212197781,0
715,686,-1,0.75,0.75,0.099749555,2,1,2,0.6917696,0
717,688,1,0.75,0.75,0.034170945,2,0,1,0.742763042,0
719,690,0,0.75,0.75,0.099749555,2,1,2,0.505979538,0
720,691,1,-0.75,0.75,0.170426826,2,1,2,0.942925692,0
721,692,1,-0.75,-0.75,0.034170945,2,0,2,0.615791559,0
722,693,-1,-0.75,-0.75,0.497498683,2,1,1,0.497866631,0
723,694,0,0.75,0.75,0.034170945,2,0,1,0.574640989,0
725,696,-1,0.75,-0.75,0.058382673,2,1,1,0.539195776,0
726,697,0,-0.75,0.75,0.170426826,2,1,2,0.495687246,0
727,698,1,-0.75,0.75,0.497498683,2,0,1,0.668377161,0
728,699,-1,-0.75,-0.75,0.170426826,2,0,2,0.857249737,0
732,703,0,-0.75,0.75,0.291182282,2,1,2,0.724211216,0
734,705,1,-0.75,-0.75,0.291182282,2,0,2,0.853048086,0
735,706,1,0.75,0.75,0.02,2,1,2,0.544479847,0
736,707,1,-0.75,0.75,0.034170945,2,1,2,0.44473958,0
738,709,1,-0.75,0.75,0.058382673,2,1,2,1.498723507,0
739,710,1,-0.75,0.75,0.034170945,2,1,2,0.493813992,0
740,711,1,-0.75,-0.75,0.099749555,2,1,1,0.508749008,0
742,713,0,0.75,-0.75,0.058382673,2,1,1,0.594931841,0
743,714,1,0.75,-0.75,0.034170945,2,0,2,0.520357132,0
744,715,1,-0.75,0.75,0.291182282,2,1,2,0.59931016,0
745,716,1,-0.75,-0.75,0.497498683,2,1,1,0.40837121,0
746,717,1,0.75,-0.75,0.02,2,1,1,0.331166029,0
747,718,1,0.75,-0.75,0.85,2,0,2,0.593094587,0
750,721,0,0.75,-0.75,0.058382673,2,1,1,2.288792133,0
752,723,0,-0.75,0.75,0.034170945,2,0,1,0.525518417,0
753,724,1,-0.75,-0.75,0.497498683,2,1,1,0.457742691,0
755,726,1,0.75,-0.75,0.291182282,2,1,1,0.467326164,0
761,732,0,0.75,0.75,0.170426826,2,1,2,0.528857946,0
763,734,1,-0.75,0.75,0.058382673,2,1,2,0.588554859,0
765,736,0,0.75,-0.75,0.170426826,2,1,1,0.538495064,0
766,737,1,0.75,0.75,0.099749555,2,1,2,1.103262186,0
770,741,1,-0.75,0.75,0.099749555,2,0,1,0.540910006,0
773,744,0,0.75,-0.75,0.058382673,2,1,1,0.707415581,0
774,745,0,0.75,0.75,0.497498683,2,0,1,0.521420956,0
776,747,1,0.75,-0.75,0.497498683,2,1,1,0.826830387,0
779,750,-1,-0.75,-0.75,0.85,2,1,1,0.517870903,0
781,752,1,0.75,0.75,0.170426826,2,1,2,0.609006882,0
784,755,1,0.75,0.75,0.099749555,2,1,2,0.30082202,0
787,758,1,0.75,-0.75,0.85,2,0,2,0.770979643,0
789,760,1,0.75,0.75,0.058382673,2,0,1,1.028679848,0
797,768,0,-0.75,0.75,0.85,2,1,2,0.493849516,0
798,769,-1,-0.75,0.75,0.099749555,2,1,2,0.561298609,0
799,770,0,-0.75,-0.75,0.099749555,2,0,2,0.460294008,0
800,771,1,-0.75,0.75,0.85,2,1,2,0.88925004,0
801,772,0,0.75,0.75,0.170426826,2,1,2,0.457087994,0
802,773,1,-0.75,-0.75,0.85,2,1,1,0.468492746,0
803,774,1,-0.75,-0.75,0.058382673,2,1,1,0.500859022,0
804,775,0,0.75,-0.75,0.497498683,2,1,1,0.450894833,0
805,776,-1,0.75,-0.75,0.85,2,0,2,0.673200846,0
807,778,-1,-0.75,-0.75,0.02,2,0,2,0.780286074,0
811,782,-1,-0.75,0.75,0.02,2,0,1,0.800385952,0
812,783,1,-0.75,-0.75,0.058382673,2,1,1,2.761676073,0
813,784,-1,0.75,0.75,0.02,2,1,2,0.620074749,0
815,786,1,0.75,0.75,0.099749555,2,0,1,0.557157993,0
816,787,0,-0.75,-0.75,0.034170945,2,1,1,0.533617735,0
817,788,1,0.75,0.75,0.291182282,2,1,2,0.760732889,0
818,789,1,0.75,0.75,0.291182282,2,1,2,0.549736023,0
819,790,1,-0.75,-0.75,0.497498683,2,1,1,0.399936914,0
820,791,1,0.75,0.75,0.099749555,2,1,2,0.46495676,0
821,792,1,0.75,0.75,0.170426826,2,1,2,0.616916418,0
822,0,0,0.0,0.0,0.0,0,0,0,0.0,0
823,794,1,0.75,-0.75,0.85,2,1,1,0.52808094,0
824,795,1,0.75,0.75,0.291182282,2,0,1,0.472931623,0
829,800,1,0.75,0.75,0.291182282,2,0,1,0.45560503,0
835,5,1,-1.0,-1.0,0.02,2,1,1,0.41123414,0
836,6,0,1.0,-1.0,0.058382673,2,1,1,0.467521906,0
840,10,1,1.0,1.0,0.291182282,2,1,2,0.748482943,0
842,12,1,1.0,1.0,0.099749555,2,0,1,0.527968884,0
844,14,1,-1.0,-1.0,0.170426826,2,1,1,0.477223158,0
845,15,-1,-1.0,1.0,0.058382673,2,1,2,0.748180151,0
847,17,0,-1.0,-1.0,0.85,2,0,2,1.10209322,0
849,19,0,-1.0,-1.0,0.497498683,2,0,2,0.610537767,0
852,22,0,1.0,1.0,0.497498683,2,1,2,0.501916409,0
854,24,1,1.0,1.0,0.291182282,2,1,2,0.494459152,0
855,25,-1,1.0,-1.0,0.034170945,2,0,2,0.529480457,0
856,26,0,1.0,-1.0,0.058382673,2,1,1,0.469290733,0
857,27,1,-1.0,-1.0,0.170426826,2,0,2,0.701539993,0
859,29,-1,1.0,1.0,0.034170945,2,0,1,0.443847418,0
860,30,1,-1.0,1.0,0.85,2,1,2,0.771637678,0
863,33,-1,-1.0,1.0,0.02,2,1,2,0.707741261,0
866,36,0,1.0,-1.0,0.034170945,2,0,2,0.455859661,0
868,38,1,1.0,1.0,0.291182282,2,1,2,0.379647255,0
874,44,1,-1.0,1.0,0.02,2,1,2,0.437151194,0
877,47,0,-1.0,-1.0,0.497498683,2,1,1,0.695135355,0
879,49,0,-1.0,-1.0,0.099749555,2,1,1,0.654283285,0
880,50,1,-1.0,1.0,0.170426826,2,1,2,0.462265968,0
881,51,-1,1.0,1.0,0.497498683,2,1,2,0.485161304,0
882,52,1,1.0,1.0,0.034170945,2,1,2,0.587578297,0
883,53,1,1.0,-1.0,0.497498683,2,1,1,0.554248095,0
887,57,-1,1.0,-1.0,0.02,2,1,1,0.47461319,0
893,63,1,-1.0,-1.0,0.099749555,2,1,1,0.292220831,0
894,64,1,-1.0,1.0,0.099749555,2,1,2,0.427896738,0
903,73,1,-1.0,-1.0,0.497498683,2,0,2,0.638410091,0
905,75,-1,-1.0,1.0,0.034170945,2,1,2,0.504253864,0
906,76,1,1.0,-1.0,0.058382673,2,1,1,0.512992859,0
907,77,1,1.0,-1.0,0.02,2,1,1,0.432102919,0
912,0,0,0.0,0.0,0.0,0,0,0,0.0,0
913,83,-1,-1.0,1.0,0.099749555,2,1,2,0.561869144,0
915,85,0,1.0,1.0,0.034170945,2,0,1,0.60892415,0
916,86,1,-1.0,1.0,0.170426826,2,1,2,0.569107533,0
920,90,0,1.0,1.0,0.02,2,1,2,0.537754774,0
921,91,0,1.0,1.0,0.170426826,2,1,2,0.535685778,0
925,95,1,1.0,1.0,0.291182282,2,1,2,0.564097166,0
927,97,0,-1.0,-1.0,0.099749555,2,0,2,0.439733028,0
928,98,0,1.0,-1.0,0.497498683,2,1,1,0.464459419,0
930,100,-1,-1.0,-1.0,0.02,2,0,2,0.436636209,0
931,82,1,1.0,-1.0,0.497498683,2,1,1,0.492316961,0
933,102,1,1.0,-1.0,0.02,2,0,2,0.534550905,0
934,103,0,-1.0,1.0,0.170426826,2,1,2,0.498771429,0
935,104,0,1.0,1.0,0.170426826,2,0,1,0.485972404,0
937,106,0,-1.0,1.0,0.497498683,2,1,2,0.460902214,0
940,109,1,1.0,1.0,0.02,2,1,2,0.516084671,0
941,110,1,1.0,-1.0,0.291182282,2,1,1,0.353747368,0
942,111,1,1.0,-1.0,0.099749555,2,1,1,0.464888573,0
943,112,1,1.0,-1.0,0.497498683,2,0,2,0.480362177,0
944,113,1,1.0,1.0,0.497498683,2,1,2,0.555788755,0
946,115,1,1.0,-1.0,0.170426826,2,0,2,0.368370295,0
948,117,-1,1.0,1.0,0.170426826,2,1,2,0.539583921,0
950,119,1,1.0,-1.0,0.058382673,2,1,1,0.401347876,0
953,122,1,-1.0,1.0,0.291182282,2,0,1,0.388383627,0
956,125,1,1.0,1.0,0.170426826,2,1,2,0.279993057,0
958,127,1,-1.0,-1.0,0.85,2,0,2,0.736362696,0
965,134,-1,-1.0,1.0,0.099749555,2,1,2,0.511031866,0
968,137,1,1.0,1.0,0.034170945,2,1,2,0.622082949,0
970,139,1,-1.0,1.0,0.497498683,2,1,2,0.421912909,0
971,140,1,-1.0,-1.0,0.497498683,2,1,1,0.418929577,0
976,145,1,1.0,1.0,0.099749555,2,1,2,0.297174931,0
978,147,0,1.0,-1.0,0.034170945,2,1,1,0.490124226,0
981,150,1,-1.0,1.0,0.099749555,2,1,2,0.31008935,0
984,153,1,1.0,-1.0,0.497498683,2,1,1,0.369539738,0
985,154,1,1.0,-1.0,0.85,2,1,1,0.553683996,0
987,156,1,-1.0,1.0,0.02,2,0,1,0.874106646,0
988,157,-1,-1.0,1.0,0.291182282,2,1,2,0.501178265,0
992,161,0,1.0,1.0,0.497498683,2,1,2,0.329111814,0
993,162,1,-1.0,-1.0,0.02,2,1,1,0.45167613,0
995,164,-1,1.0,-1.0,0.170426826,2,0,2,0.630950928,0
997,166,1,-1.0,-1.0,0.85,2,1,1,0.364259243,0
998,167,1,-1.0,1.0,0.058382673,2,1,2,0.454083681,0
1002,171,1,1.0,1.0,0.170426826,2,1,2,0.324308395,0
1006,175,0,1.0,-1.0,0.058382673,2,0,2,0.339111805,0
1011,180,1,-1.0,1.0,0.497498683,2,0,1,0.41315794,0
1012,181,1,1.0,-1.0,0.034170945,2,0,2,0.658508301,0
1014,183,1,-1.0,-1.0,0.034170945,2,1,1,0.415861845,0
1016,185,0,1.0,1.0,0.02,2,0,1,0.451205492,0
1017,186,1,-1.0,-1.0,0.058382673,2,0,2,0.46624136,0
1018,187,-1,-1.0,-1.0,0.170426826,2,1,1,0.518932104,0
1019,188,1,-1.0,1.0,0.099749555,2,1,2,0.414260149,0
1020,189,1,1.0,-1.0,0.058382673,2,0,2,0.444918156,0
1021,190,1,1.0,1.0,0.497498683,2,1,2,0.344266891,0
1022,191,-1,-1.0,1.0,0.497498683,2,1,2,0.431482077,0
1026,195,1,-1.0,-1.0,0.058382673,2,1,1,0.363059044,0
1028,197,0,-1.0,-1.0,0.099749555,2,1,1,0.349449396,0
1031,200,1,-1.0,1.0,0.02,2,1,2,0.420524359,0
1033,202,1,1.0,-1.0,0.85,2,0,2,0.494890451,0
1034,203,-1,1.0,-1.0,0.02,2,0,2,0.89579916,0
1036,205,1,-1.0,-1.0,0.02,2,1,1,0.426395655,0
1037,206,1,-1.0,-1.0,0.058382673,2,1,1,0.587335825,0
1038,207,-1,1.0,-1.0,0.85,2,0,2,0.670248032,0
1040,209,1,-1.0,-1.0,0.058382673,2,0,2,0.662121058,0
1041,210,1,1.0,-1.0,0.291182282,2,1,1,0.349265099,0
1042,211,-1,1.0,1.0,0.099749555,2,1,2,0.421653032,0
1043,212,-1,-1.0,-1.0,0.170426826,2,0,2,0.649118185,0
1047,216,-1,1.0,-1.0,0.497498683,2,1,1,0.482396364,0
1049,218,1,1.0,1.0,0.85,2,0,1,1.568906069,0
1051,220,1,1.0,1.0,0.02,2,0,1,0.555915833,0
1053,222,1,-1.0,1.0,0.02,2,0,1,0.452165127,0
1054,223,-1,1.0,1.0,0.02,2,0,1,0.441008091,0
1058,227,1,1.0,-1.0,0.034170945,2,0,2,0.648947001,0
1064,233,-1,1.0,1.0,0.058382673,2,1,2,0.468132019,0
1067,236,1,-1.0,1.0,0.058382673,2,0,1,0.450552225,0
1069,238,1,1.0,1.0,0.497498683,2,1,2,0.7674191,0
1070,239,0,-1.0,1.0,0.497498683,2,1,2,0.444237471,0
1071,240,1,1.0,1.0,0.058382673,2,1,2,0.457544088,0
1072,241,1,1.0,-1.0,0.034170945,2,1,1,0.463812351,0
1073,242,1,1.0,-1.0,0.034170945,2,0,2,0.519620895,0
1074,243,1,1.0,1.0,0.02,2,0,1,0.489435911,0
1076,245,1,1.0,-1.0,0.02,2,1,1,0.267915964,0
1079,248,1,1.0,-1.0,0.170426826,2,1,1,0.458436966,0
1081,250,0,-1.0,-1.0,0.02,2,0,2,0.568786383,0
1084,253,-1,-1.0,1.0,0.170426826,2,1,2,0.561512947,0
1085,254,-1,1.0,-1.0,0.497498683,2,0,2,0.620939732,0
1088,257,1,-1.0,-1.0,0.034170945,2,0,2,0.535499096,0
1090,259,1,1.0,1.0,0.170426826,2,0,1,1.264990091,0
1091,260,-1,1.0,-1.0,0.034170945,2,0,2,0.639525652,0
1095,264,1,1.0,1.0,0.170426826,2,1,2,0.499842644,0
1097,266,0,1.0,-1.0,0.170426826,2,1,1,0.487526178,0
1101,270,1,1.0,1.0,0.034170945,2,0,1,0.420127153,0
1102,271,-1,1.0,1.0,0.85,2,1,2,0.529590607,0
1105,274,-1,-1.0,-1.0,0.291182282,2,0,2,0.966545582,0
1106,275,0,1.0,-1.0,0.099749555,2,0,2,0.842283726,0
1109,278,1,-1.0,1.0,0.291182282,2,1,2,0.432043791,0
1111,280,0,1.0,1.0,0.85,2,1,2,0.436754227,0
1112,281,-1,1.0,-1.0,0.85,2,1,1,0.509501934,0
1115,284,0,1.0,1.0,0.497498683,2,1,2,0.419299126,0
1119,288,1,1.0,-1.0,0.497498683,2,1,1,0.466852188,0
1120,289,1,1.0,-1.0,0.170426826,2,1,1,0.42752099,0
1123,292,-1,-1.0,-1.0,0.291182282,2,1,1,0.603234529,0
1127,296,-1,-1.0,1.0,0.099749555,2,1,2,0.58809042,0
1129,298,1,-1.0,-1.0,0.85,2,1,1,1.571932077,0
1131,300,-1,-1.0,-1.0,0.034170945,2,0,2,0.838430882,0
1132,301,1,-1.0,-1.0,0.034170945,2,0,2,0.53443408,0
1133,302,0,-1.0,1.0,0.099749555,2,1,2,0.621948242,0
1134,303,1,-1.0,1.0,0.02,2,0,1,0.489142895,0
1135,304,-1,-1.0,-1.0,0.034170945,2,0,2,0.556880474,0
1137,306,1,-1.0,-1.0,0.099749555,2,1,1,0.506271124,0
1139,308,0,-1.0,1.0,0.85,2,1,2,0.51177907,0
1140,309,1,-1.0,-1.0,0.02,2,0,2,0.555935144,0
1141,310,1,-1.0,-1.0,0.291182282,2,1,1,0.310192108,0
1142,311,1,1.0,-1.0,0.497498683,2,1,1,0.370438814,0
1143,312,1,1.0,1.0,0.497498683,2,1,2,0.428666115,0
1146,315,1,1.0,-1.0,0.291182282,2,1,1,0.346299887,0
1149,318,1,1.0,-1.0,0.291182282,2,1,1,0.422985315,0
1150,319,1,1.0,1.0,0.291182282,2,1,2,0.568226576,0
1151,320,0,-1.0,-1.0,0.058382673,2,1,1,0.466595888,0
1153,322,1,-1.0,1.0,0.85,2,1,2,0.498207092,0
1154,323,1,-1.0,-1.0,0.02,2,1,1,1.118633747,0
1159,328,1,-1.0,1.0,0.034170945,2,1,2,0.453238964,0
1161,330,0,-1.0,1.0,0.02,2,1,2,0.412512302,0
1162,331,-1,1.0,-1.0,0.058382673,2,0,2,0.469498873,0
1164,333,1,1.0,1.0,0.034170945,2,1,2,0.524992943,0
1167,336,1,-1.0,-1.0,0.497498683,2,1,1,0.407102108,0
1168,337,1,-1.0,-1.0,0.291182282,2,1,1,0.320848942,0
1169,338,0,-1.0,-1.0,0.099749555,2,1,1,0.411318541,0
1171,340,-1,-1.0,1.0,0.170426826,2,1,2,0.552317142,0
1174,343,-1,1.0,1.0,0.85,2,1,2,0.512666225,0
1176,345,1,-1.0,1.0,0.85,2,1,2,0.462396145,0
1177,346,1,1.0,1.0,0.170426826,2,1,2,0.42852211,0
1178,347,1,-1.0,-1.0,0.170426826,2,0,2,0.374373436,0
1183,352,0,-1.0,-1.0,0.058382673,2,1,1,0.322269917,0
1184,353,1,-1.0,1.0,0.170426826,2,1,2,0.813062906,0
1185,354,-1,-1.0,1.0,0.058382673,2,1,2,0.653209925,0
1187,356,1,-1.0,-1.0,0.02,2,1,1,0.383070707,0
1188,357,1,-1.0,1.0,0.170426826,2,1,2,0.360535145,0
1189,358,1,1.0,1.0,0.170426826,2,1,2,0.421255827,0
1190,359,-1,1.0,1.0,0.099749555,2,1,2,0.485781193,0
1192,361,1,1.0,-1.0,0.099749555,2,1,1,0.419069767,0
1194,363,1,-1.0,-1.0,0.85,2,1,1,0.603251219,0
1196,365,0,-1.0,-1.0,0.058382673,2,0,2,0.591555119,0
1198,367,1,1.0,-1.0,0.291182282,2,1,1,0.544706345,0
1199,368,0,-1.0,-1.0,0.170426826,2,1,1,0.47785759,0
1201,370,1,-1.0,-1.0,0.034170945,2,0,2,0.523725033,0
1204,373,1,1.0,1.0,0.099749555,2,1,2,0.310498714,0
1206,375,1,-1.0,1.0,0.291182282,2,1,2,0.440547466,0
1207,376,1,-1.0,-1.0,0.034170945,2,0,2,0.853479147,0
1208,0,0,0.0,0.0,0.0,0,0,0,0.0,0
1209,378,1,-1.0,1.0,0.497498683,2,1,2,0.371038675,0
1210,379,1,-1.0,-1.0,0.85,2,1,1,0.395640135,0
1212,381,-1,-1.0,-1.0,0.85,2,1,1,0.523571014,0
1214,383,1,1.0,-1.0,0.170426826,2,1,1,0.398010015,0
1217,386,1,-1.0,-1.0,0.034170945,2,0,2,0.379765987,0
1218,387,1,1.0,-1.0,0.497498683,2,1,1,0.388017178,0
1220,389,-1,1.0,1.0,0.034170945,2,1,2,0.523518801,0
1222,391,1,1.0,-1.0,0.170426826,2,1,1,0.467453003,0
1224,393,-1,-1.0,1.0,0.170426826,2,1,2,0.534249067,0
1225,394,1,-1.0,-1.0,0.291182282,2,1,1,0.424671173,0
1226,395,1,1.0,1.0,0.02,2,0,1,0.354865789,0
1228,397,1,-1.0,1.0,0.85,2,1,2,0.647884369,0
1233,401,1,-1.0,-1.0,0.85,2,1,1,0.569813967,0
1234,402,1,1.0,1.0,0.099749555,2,1,2,0.332836866,0
1235,403,-1,1.0,-1.0,0.85,2,0,2,0.642623663,0
1236,404,0,1.0,-1.0,0.034170945,2,1,1,0.464777231,0
1240,408,1,-1.0,1.0,0.170426826,2,1,2,0.555403948,0
1242,410,-1,-1.0,1.0,0.02,2,1,2,0.713165998,0
1244,412,0,-1.0,-1.0,0.497498683,2,1,1,0.492036104,0
1246,414,1,-1.0,1.0,0.85,2,1,2,0.486186981,0
1247,415,1,-1.0,-1.0,0.291182282,2,0,2,0.555596113,0
1248,416,1,1.0,1.0,0.099749555,2,1,2,0.517973423,0
1249,417,-1,-1.0,1.0,0.170426826,2,0,1,0.692303896,0
1255,423,1,-1.0,1.0,0.099749555,2,1,2,0.601151943,0
1257,425,1,-1.0,-1.0,0.02,2,0,2,0.562171936,0
1258,426,1,1.0,-1.0,0.85,2,1,1,0.657470226,0
1264,432,1,1.0,-1.0,0.291182282,2,1,1,0.354658365,0
1269,437,1,1.0,-1.0,0.291182282,2,1,1,0.565526724,0
1273,441,1,-1.0,-1.0,0.170426826,2,1,1,0.304429293,0
1276,444,0,1.0,1.0,0.058382673,2,1,2,0.669589996,0
1277,445,0,-1.0,-1.0,0.058382673,2,0,2,0.484724283,0
1278,446,-1,1.0,1.0,0.02,2,0,1,0.531684875,0
1279,447,1,-1.0,1.0,0.058382673,2,0,1,0.506664991,0
1282,450,1,-1.0,1.0,0.291182282,2,1,2,0.525986195,0
1283,451,1,1.0,-1.0,0.170426826,2,1,1,0.484146118,0
1284,452,-1,-1.0,1.0,0.02,2,0,1,0.550812006,0
1286,454,1,1.0,1.0,0.058382673,2,0,1,0.543904066,0
1287,455,1,1.0,1.0,0.034170945,2,1,2,0.722033262,0
1289,457,1,1.0,1.0,0.099749555,2,1,2,0.647950172,0
1290,458,1,-1.0,1.0,0.497498683,2,1,2,0.452628851,0
1293,461,1,-1.0,-1.0,0.85,2,1,1,0.503942251,0
1297,465,1,1.0,1.0,0.85,2,1,2,0.3560431,0
1302,470,-1,1.0,-1.0,0.497498683,2,1,1,0.567702055,0
1304,472,-1,-1.0,1.0,0.034170945,2,0,1,0.416916609,0
1308,476,1,-1.0,1.0,0.02,2,0,1,0.423140764,0
1313,481,1,-1.0,1.0,0.02,2,1,2,0.41639185,0
1315,483,1,-1.0,1.0,0.02,2,0,1,0.402423859,0
1317,485,-1,1.0,1.0,0.058382673,2,0,1,0.596602917,0
1320,0,0,0.0,0.0,0.0,0,0,0,0.0,0
1322,490,1,1.0,1.0,0.170426826,2,1,2,0.533361912,0
1326,0,0,0.0,0.0,0.0,0,0,0,0.0,0
1331,499,1,1.0,1.0,0.034170945,2,0,1,0.518072844,0
1332,500,-1,-1.0,1.0,0.099749555,2,1,2,0.424984694,0
1335,501,1,1.0,1.0,0.02,2,0,1,0.524368763,0
1336,502,0,-1.0,1.0,0.291182282,2,1,2,0.412133455,0
1338,504,0,-1.0,-1.0,0.02,2,0,2,0.665894032,0
1339,505,1,-1.0,-1.0,0.099749555,2,0,2,0.503282309,0
1340,506,1,1.0,-1.0,0.058382673,2,1,1,0.546927214,0
1341,507,-1,-1.0,-1.0,0.058382673,2,1,1,0.516391039,0
1343,509,1,1.0,-1.0,0.02,2,1,1,0.433138847,0
1344,510,1,-1.0,-1.0,0.85,2,0,2,0.486679792,0
1347,513,1,1.0,1.0,0.02,2,0,1,0.398176908,0
1348,514,1,1.0,1.0,0.02,2,0,1,0.445374966,0
1350,516,-1,-1.0,-1.0,0.170426826,2,0,2,0.87721014,0
1354,520,1,-1.0,-1.0,0.170426826,2,1,1,0.633941174,0
1355,521,1,1.0,1.0,0.497498683,2,1,2,0.417254686,0
1356,522,1,-1.0,-1.0,0.058382673,2,0,2,0.387103558,0
1359,525,1,1.0,-1.0,0.034170945,2,0,2,0.586193085,0
1360,526,1,-1.0,1.0,0.02,2,1,2,1.129844189,0
1362,528,-1,1.0,-1.0,0.170426826,2,1,1,0.532509565,0
1364,530,-1,1.0,-1.0,0.291182282,2,0,2,0.682791233,0
1366,532,0,1.0,1.0,0.291182282,2,1,2,0.439135075,0
1367,533,-1,-1.0,-1.0,0.02,2,1,1,0.684616804,0
1377,543,1,1.0,1.0,0.034170945,2,0,1,0.394576788,0
1378,544,1,1.0,-1.0,0.02,2,1,1,0.835132837,0
1379,545,0,1.0,1.0,0.058382673,2,1,2,0.345679998,0
1383,549,-1,1.0,1.0,0.497498683,2,1,2,0.602116108,0
1386,552,1,1.0,1.0,0.85,2,1,2,0.558164358,0
1387,553,1,-1.0,-1.0,0.02,2,1,1,0.424773932,0
1388,554,1,1.0,-1.0,0.85,2,1,1,0.408624887,0
1389,555,1,1.0,1.0,0.170426826,2,1,2,0.314584255,0
1390,556,1,1.0,-1.0,0.85,2,0,2,0.648119926,0
1391,557,-1,-1.0,1.0,0.497498683,2,1,2,0.846176147,0
1393,559,1,-1.0,1.0,0.497498683,2,1,2,0.393737316,0
1395,561,0,1.0,-1.0,0.02,2,1,1,0.406376839,0
1398,564,-1,1.0,-1.0,0.02,2,1,1,0.457530975,0
1400,566,1,1.0,1.0,0.058382673,2,1,2,0.328531981,0
1401,567,1,-1.0,-1.0,0.497498683,2,1,1,0.353141308,0
1402,568,-1,-1.0,-1.0,0.85,2,1,1,0.495371819,0
1403,569,0,-1.0,-1.0,0.170426826,2,1,1,0.411377192,0
1405,571,1,1.0,-1.0,0.058382673,2,1,1,0.600772619,0
1406,572,0,1.0,-1.0,0.170426826,2,1,1,0.450887918,0
1407,573,1,1.0,-1.0,0.291182282,2,1,1,0.403907776,0
1409,575,1,-1.0,-1.0,0.291182282,2,1,1,0.323526859,0
1410,576,0,-1.0,1.0,0.02,2,0,1,0.511233807,0
1411,577,-1,1.0,1.0,0.497498683,2,1,2,0.529717445,0
1412,578,1,1.0,1.0,0.497498683,2,1,2,0.342311144,0
1415,581,0,-1.0,1.0,0.099749555,2,1,2,0.366888285,0
1416,582,1,1.0,1.0,0.099749555,2,1,2,0.303757906,0
1417,583,1,1.0,-1.0,0.099749555,2,1,1,0.293239832,0
1421,587,-1,1.0,1.0,0.058382673,2,0,1,0.674161673,0
1422,588,1,1.0,-1.0,0.099749555,2,1,1,0.521954536,0
1423,589,1,1.0,1.0,0.02,2,1,2,0.57320261,0
1425,591,1,-1.0,-1.0,0.170426826,2,0,2,0.617219448,0
1426,592,0,1.0,1.0,0.02,2,0,1,0.432605028,0
1429,595,0,1.0,1.0,0.291182282,2,1,2,0.569951296,0
1435,601,1,-1.0,-1.0,0.058382673,2,0,2,0.392613888,0
1437,603,1,-1.0,-1.0,0.85,2,1,1,0.43941927,0
1439,0,0,0.0,0.0,0.0,0,0,0,0.0,0
1440,606,1,-1.0,-1.0,0.291182282,2,1,1,0.586656809,0
1441,607,1,1.0,1.0,0.099749555,2,1,2,0.556325912,0
1442,608,1,-1.0,1.0,0.170426826,2,1,2,0.37462616,0
1443,609,1,-1.0,-1.0,0.170426826,2,1,1,0.37937212,0
1444,610,0,1.0,-1.0,0.02,2,1,1,0.435078382,0
1446,0,0,0.0,0.0,0.0,0,0,0,0.0,0
1447,613,0,-1.0,-1.0,0.291182282,2,0,2,0.601316452,0
1448,614,1,-1.0,1.0,0.85,2,1,2,0.563019037,0
1449,615,1,1.0,1.0,0.85,2,1,2,0.549046516,0
1450,616,0,1.0,1.0,0.058382673,2,1,2,0.59969759,0
1451,617,1,1.0,-1.0,0.291182282,2,1,1,0.43358922,0
1456,622,1,1.0,1.0,0.034170945,2,0,1,0.624551535,0
1457,623,-1,1.0,-1.0,0.497498683,2,1,1,0.679471016,0
1458,624,1,1.0,1.0,0.85,2,1,2,0.420948744,0
1459,625,1,1.0,-1.0,0.85,2,1,1,0.461456299,0
1462,628,1,-1.0,-1.0,0.291182282,2,1,1,0.454133272,0
1464,630,-1,1.0,-1.0,0.291182282,2,1,1,0.468029261,0
1467,633,-1,1.0,1.0,0.02,2,1,2,0.679431677,0
1470,636,0,1.0,-1.0,0.170426826,2,1,1,0.518719435,0
1471,637,-1,1.0,-1.0,0.291182282,2,1,1,0.636878014,0
1472,638,1,1.0,1.0,0.170426826,2,1,2,0.506931782,0
1475,641,0,1.0,-1.0,0.02,2,1,1,0.505617142,0
1477,643,0,-1.0,-1.0,0.034170945,2,1,1,0.527158737,0
1478,644,-1,1.0,1.0,0.02,2,1,2,0.676331758,0
1485,651,1,1.0,-1.0,0.291182282,2,1,1,0.524689436,0
1486,652,1,1.0,-1.0,0.034170945,2,0,2,0.513667583,0
1487,653,1,1.0,1.0,0.497498683,2,1,2,0.420443058,0
1489,655,-1,1.0,1.0,0.058382673,2,0,1,0.591804504,0
1490,656,1,-1.0,1.0,0.85,2,1,2,0.648352385,0
1491,657,-1,1.0,1.0,0.02,2,1,2,0.610558987,0
1492,658,0,1.0,1.0,0.034170945,2,1,2,0.593304157,0
1493,659,1,1.0,-1.0,0.034170945,2,0,2,0.7085495,0
1495,661,1,-1.0,-1.0,0.85,2,1,1,0.886236906,0
1496,662,-1,1.0,1.0,0.02,2,1,2,0.572730541,0
1497,663,-1,1.0,-1.0,0.058382673,2,0,2,0.592216015,0
1498,664,0,1.0,-1.0,0.170426826,2,1,1,0.376116037,0
1499,665,1,-1.0,1.0,0.85,2,1,2,0.444095135,0
1503,669,-1,-1.0,-1.0,0.034170945,2,1,1,0.623960018,0
1508,674,1,-1.0,1.0,0.85,2,1,2,0.500266552,0
1509,675,1,1.0,-1.0,0.497498683,2,1,1,0.497510195,0
1511,677,1,1.0,-1.0,0.034170945,2,0,2,0.571843863,0
1512,678,-1,1.0,-1.0,0.170426826,2,1,1,0.525066137,0
1513,679,1,-1.0,1.0,0.034170945,2,1,2,0.865556955,0
1514,680,1,1.0,1.0,0.170426826,2,0,1,0.60158205,0
1519,685,1,1.0,1.0,0.170426826,2,1,2,0.316925049,0
1520,686,1,1.0,-1.0,0.099749555,2,1,1,0.53083849,0
1521,687,1,1.0,-1.0,0.058382673,2,0,2,0.727157116,0
1522,688,1,1.0,1.0,0.85,2,1,2,0.401023865,0
1523,689,1,-1.0,1.0,0.099749555,2,1,2,0.579563856,0
1524,690,-1,-1.0,-1.0,0.497498683,2,1,1,0.541197777,0
1526,692,1,-1.0,1.0,0.099749555,2,1,2,0.610209703,0
1527,693,-1,1.0,1.0,0.058382673,2,1,2,0.57148695,0
1528,694,1,-1.0,1.0,0.099749555,2,1,2,0.313194036,0
1529,695,1,1.0,-1.0,0.02,2,1,1,0.396663666,0
1531,697,1,1.0,-1.0,0.034170945,2,1,1,0.439842939,0
1533,699,1,-1.0,-1.0,0.034170945,2,0,2,0.446432829,0
1536,612,0,1.0,1.0,0.85,2,1,2,0.560406923,0
1537,701,1,-1.0,-1.0,0.058382673,2,1,1,0.52469182,0
1538,702,1,-1.0,1.0,0.291182282,2,1,2,0.445029974,0
1539,703,1,-1.0,-1.0,0.02,2,0,2,1.270917654,0
1540,704,1,-1.0,-1.0,0.170426826,2,1,1,0.409640074,0
1542,706,0,1.0,-1.0,0.291182282,2,1,1,0.426000357,0
1545,709,-1,1.0,-1.0,0.034170945,2,1,1,0.348824263,0
1547,711,0,-1.0,1.0,0.058382673,2,0,1,0.654590368,0
1548,712,1,-1.0,1.0,0.058382673,2,1,2,0.515515089,0
1554,718,1,1.0,-1.0,0.85,2,1,1,0.333594322,0
1555,719,0,-1.0,-1.0,0.85,2,1,1,0.322656155,0
1556,720,-1,1.0,-1.0,0.034170945,2,1,1,0.573693514,0
1557,721,0,-1.0,-1.0,0.058382673,2,1,1,0.391073227,0
1559,723,1,-1.0,-1.0,0.85,2,1,1,0.396391153,0
1560,724,0,-1.0,1.0,0.497498683,2,1,2,0.511133909,0
1563,727,0,-1.0,-1.0,0.85,2,1,1,0.48611784,0
1564,728,0,-1.0,-1.0,0.497498683,2,0,2,0.3468256,0
1565,729,1,-1.0,1.0,0.170426826,2,1,2,0.750597954,0
1567,731,0,-1.0,-1.0,0.034170945,2,1,1,0.428565025,0
1572,736,1,1.0,1.0,0.497498683,2,1,2,0.373105764,0
1573,737,1,-1.0,1.0,0.291182282,2,1,2,0.314373732,0
1576,740,1,1.0,1.0,0.058382673,2,1,2,0.379466772,0
1578,742,-1,1.0,-1.0,0.058382673,2,1,1,0.444769144,0
1580,744,-1,1.0,1.0,0.099749555,2,1,2,0.475243092,0
1581,745,1,-1.0,1.0,0.497498683,2,1,2,0.368607759,0
1583,747,1,1.0,-1.0,0.291182282,2,1,1,0.400226355,0
1584,748,1,-1.0,1.0,0.85,2,1,2,0.451007605,0
1585,749,-1,-1.0,1.0,0.034170945,2,0,1,0.563613176,0
1586,750,0,1.0,1.0,0.058382673,2,1,2,0.500243664,0
1587,751,1,-1.0,1.0,0.058382673,2,1,2,0.592161179,0
1588,752,1,-1.0,1.0,0.291182282,2,1,2,0.407253981,0
1589,753,0,-1.0,1.0,0.497498683,2,1,2,0.416914701,0
1590,754,-1,-1.0,1.0,0.85,2,1,2,0.438283682,0
1591,755,0,1.0,-1.0,0.170426826,2,1,1,0.442415237,0
1597,761,0,1.0,1.0,0.099749555,2,1,2,0.36049819,0
1598,762,1,1.0,-1.0,0.058382673,2,1,1,0.500294209,0
1600,764,1,1.0,1.0,0.85,2,1,2,0.375317812,0
1602,766,0,1.0,-1.0,0.85,2,1,1,0.47493577,0
1604,768,1,-1.0,1.0,0.291182282,2,1,2,0.432914734,0
1605,769,1,1.0,-1.0,0.02,2,1,1,0.416735888,0
1606,770,1,1.0,1.0,0.058382673,2,1,2,0.676383018,0
1607,771,0,-1.0,1.0,0.170426826,2,1,2,0.634803057,0
1608,772,1,1.0,1.0,0.034170945,2,0,1,0.479192019,0
1610,774,1,-1.0,1.0,0.170426826,2,1,2,0.403574467,0
1611,775,0,-1.0,1.0,0.02,2,0,1,0.474466085,0
1612,0,0,0.0,0.0,0.0,0,0,0,0.0,0
1613,777,1,-1.0,-1.0,0.291182282,2,1,1,0.468647957,0
1616,0,0,0.0,0.0,0.0,0,0,0,0.0,0
1617,781,1,1.0,1.0,0.034170945,2,1,2,0.531677008,0
1619,0,0,0.0,0.0,0.0,0,0,0,0.0,0
1621,785,1,1.0,1.0,0.170426826,2,1,2,0.488867521,0
1622,786,0,-1.0,1.0,0.291182282,2,1,2,0.474631071,0
1623,787,1,-1.0,1.0,0.034170945,2,1,2,0.506937981,0
1625,789,1,-1.0,-1.0,0.170426826,2,1,1,0.511970997,0
1626,790,-1,-1.0,1.0,0.170426826,2,1,2,0.644273281,0
1629,793,1,1.0,-1.0,0.170426826,2,1,1,0.445849657,0
1633,797,1,1.0,1.0,0.85,2,1,2,0.495926142,0
1636,800,1,1.0,-1.0,0.099749555,2,1,1,0.445535183,0
1638,780,-1,1.0,1.0,0.291182282,2,1,2,0.584347248,0
1640,801,0,1.0,1.0,0.034170945,2,0,1,0.525601864,0
1644,805,0,-1.0,1.0,0.099749555,2,1,2,0.497697592,0
1645,806,1,-1.0,1.0,0.02,2,0,1,0.641706467,0
1646,807,0,1.0,-1.0,0.099749555,2,1,1,0.651741982,0
1648,809,1,-1.0,1.0,0.02,2,1,2,0.418889761,0
1649,810,-1,-1.0,1.0,0.170426826,2,1,2,0.641444683,0
1650,811,0,-1.0,-1.0,0.02,2,0,2,0.420132399,0
1654,815,1,1.0,-1.0,0.034170945,2,0,2,0.424705029,0
1655,816,1,1.0,-1.0,0.02,2,1,1,0.57664156,0
1658,819,0,1.0,1.0,0.497498683,2,1,2,0.324390411,0
1659,820,0,1.0,1.0,0.85,2,1,2,0.452097893,0
1663,824,1,-1.0,1.0,0.034170945,2,1,2,0.551130056,0
1664,825,1,-1.0,-1.0,0.034170945,2,1,1,0.418515205,0
1666,827,0,1.0,-1.0,0.170426826,2,1,1,0.413573027,0
1667,828,0,-1.0,-1.0,0.034170945,2,1,1,0.449957848,0
1668,829,1,-1.0,1.0,0.099749555,2,1,2,0.683991194,0
1669,830,-1,-1.0,1.0,0.291182282,2,1,2,0.538395166,0
1671,832,-1,-1.0,1.0,0.170426826,2,1,2,0.528865337,0
1673,834,0,1.0,-1.0,0.497498683,2,1,1,0.388120174,0
1677,838,1,1.0,-1.0,0.170426826,2,1,1,0.354586363,0
1679,840,-1,-1.0,1.0,0.497498683,2,1,2,0.649657488,0
1682,843,0,1.0,1.0,0.170426826,2,1,2,0.970240355,0
1684,845,1,-1.0,-1.0,0.02,2,0,2,0.653035879,0
1685,846,0,-1.0,-1.0,0.291182282,2,1,1,0.419317245,0
1686,847,0,-1.0,-1.0,0.099749555,2,1,1,0.379515171,0
1689,850,-1,1.0,-1.0,0.170426826,2,1,1,0.647589684,0
1690,851,0,-1.0,-1.0,0.170426826,2,1,1,0.441792488,0
1691,852,1,1.0,1.0,0.034170945,2,0,1,0.472774029,0
1694,855,-1,1.0,1.0,0.099749555,2,1,2,0.446624041,0
1696,857,-1,-1.0,1.0,0.497498683,2,1,2,0.551884174,0
1699,860,0,1.0,-1.0,0.099749555,2,0,2,0.314716339,0
1700,861,-1,1.0,-1.0,0.099749555,2,1,1,0.414911032,0
1701,862,1,-1.0,1.0,0.170426826,2,1,2,0.348805189,0
1703,864,1,1.0,1.0,0.058382673,2,0,1,0.853808165,0
1706,867,1,-1.0,-1.0,0.099749555,2,1,1,0.440941095,0
1710,871,1,1.0,-1.0,0.099749555,2,0,2,0.609387636,0
1711,872,0,-1.0,1.0,0.291182282,2,1,2,0.478456259,0
1712,873,1,1.0,-1.0,0.02,2,1,1,0.582613945,0
1713,874,0,-1.0,-1.0,0.85,2,1,1,1.154177189,0
1714,875,1,-1.0,-1.0,0.497498683,2,0,2,0.53874588,0
1716,877,-1,1.0,1.0,0.099749555,2,1,2,0.485735178,0
1718,879,-1,-1.0,-1.0,0.058382673,2,1,1,0.427931547,0
1720,881,0,1.0,1.0,0.058382673,2,1,2,0.471571922,0
1723,884,-1,-1.0,-1.0,0.099749555,2,1,1,0.586493015,0
1724,885,1,-1.0,-1.0,0.02,2,1,1,0.38496089,0
1727,888,0,1.0,1.0,0.291182282,2,1,2,0.295187235,0
1728,889,0,1.0,-1.0,0.034170945,2,1,1,0.399143934,0
1730,891,0,1.0,-1.0,0.85,2,1,1,0.379301786,0
1732,893,1,-1.0,1.0,0.170426826,2,1,2,0.357848406,0
1733,894,-1,-1.0,-1.0,0.497498683,2,1,1,0.420976162,0
1734,895,1,-1.0,-1.0,0.85,2,1,1,0.370437145,0
1736,897,1,1.0,1.0,0.85,2,1,2,0.374465227,0
1739,900,1,-1.0,-1.0,0.497498683,2,1,1,0.606590033,0
1745,0,0,0.0,0.0,0.0,0,0,0,0.0,0
1746,907,1,1.0,-1.0,0.02,2,1,1,0.456401348,0
1747,908,0,-1.0,-1.0,0.099749555,2,0,2,0.362005949,0
1751,912,1,-1.0,-1.0,0.170426826,2,0,2,0.741384506,0
1753,914,-1,1.0,1.0,0.034170945,2,0,1,0.465272188,0
1755,916,1,-1.0,1.0,0.170426826,2,1,2,0.475968122,0
1757,918,0,-1.0,-1.0,0.497498683,2,1,1,0.315948963,0
1758,0,0,0.0,0.0,0.0,0,0,0,0.0,0
1761,922,1,-1.0,1.0,0.02,2,1,2,0.58882308,0
1762,923,1,-1.0,1.0,0.85,2,1,2,0.523252964,0
1770,931,1,1.0,-1.0,0.170426826,2,1,1,0.376225471,0
1771,932,-1,1.0,1.0,0.497498683,2,1,2,0.393156052,0
1774,935,0,-1.0,-1.0,0.02,2,1,1,0.335968733,0
1779,940,1,-1.0,1.0,0.099749555,2,1,2,0.376509666,0
1782,943,0,-1.0,1.0,0.099749555,2,1,2,0.707817316,0
1783,944,-1,-1.0,1.0,0.497498683,2,1,2,0.582724094,0
1787,948,1,-1.0,-1.0,0.099749555,2,1,1,0.362518787,0
1788,949,1,1.0,1.0,0.170426826,2,1,2,0.472757578,0
1789,950,1,1.0,1.0,0.170426826,2,0,1,0.437775135,0
1791,952,1,-1.0,-1.0,0.85,2,1,1,0.356670856,0
1792,953,-1,1.0,1.0,0.034170945,2,1,2,0.512346268,0
1795,956,1,1.0,-1.0,0.02,2,1,1,0.498634338,0
1796,957,1,1.0,1.0,0.058382673,2,1,2,0.469905853,0
1800,961,1,-1.0,1.0,0.170426826,2,1,2,0.672580004,0
1801,962,0,-1.0,1.0,0.034170945,2,1,2,0.605250359,0
1802,963,1,-1.0,-1.0,0.291182282,2,1,1,0.526436329,0
1803,964,-1,-1.0,1.0,0.85,2,1,2,0.564568281,0
1804,965,1,-1.0,1.0,0.170426826,2,1,2,0.417073011,0
1806,967,-1,1.0,1.0,0.291182282,2,1,2,0.95426631,0
1809,970,1,1.0,-1.0,0.058382673,2,0,2,0.56983304,0
1810,971,-1,1.0,-1.0,0.497498683,2,1,1,0.418597221,0
1811,972,-1,-1.0,-1.0,0.291182282,2,1,1,0.495913506,0
1812,973,0,1.0,-1.0,0.034170945,2,0,2,0.477598906,0
1813,974,0,-1.0,1.0,0.02,2,0,1,0.484730482,0
1814,975,1,1.0,1.0,0.099749555,2,1,2,0.415027142,0
1816,977,1,-1.0,1.0,0.02,2,0,1,0.360661268,0
1817,978,1,-1.0,-1.0,0.034170945,2,0,2,0.615201473,0
1818,979,1,1.0,-1.0,0.291182282,2,1,1,0.31156826,0
1819,980,1,-1.0,1.0,0.170426826,2,1,2,0.409222603,0
1820,981,0,-1.0,-1.0,0.497498683,2,1,1,0.349430323,0
1821,982,1,-1.0,-1.0,0.291182282,2,1,1,0.287457228,0
1822,983,-1,1.0,-1.0,0.034170945,2,1,1,0.500172615,0
1824,985,1,-1.0,-1.0,0.058382673,2,1,1,0.53621912,0
1828,989,-1,-1.0,-1.0,0.02,2,0,2,0.423523664,0
1829,990,1,1.0,-1.0,0.02,2,1,1,0.466170549,0
1830,991,-1,1.0,1.0,0.85,2,1,2,0.470989227,0
1832,993,1,1.0,-1.0,0.02,2,1,1,0.40893507,0
1833,994,1,1.0,-1.0,0.034170945,2,1,1,0.521180153,0
1840,906,-1,-1.0,1.0,0.170426826,2,1,2,0.755665064,0
1841,919,1,-1.0,1.0,0.170426826,2,1,2,0.472069263,0
1842,1001,1,1.0,1.0,0.099749555,2,1,2,0.36976409,0
1844,1003,-1,-1.0,-1.0,0.170426826,2,1,1,0.523024797,0
1849,1008,1,-1.0,-1.0,0.497498683,2,1,1,0.361164093,0
1850,1009,0,-1.0,1.0,0.034170945,2,1,2,0.374266148,0
1852,1011,1,-1.0,1.0,0.058382673,2,0,1,0.408928394,0
1855,1014,1,1.0,-1.0,0.058382673,2,0,2,0.552491903,0
1857,1016,1,-1.0,-1.0,0.02,2,1,1,0.656975269,0
1858,1017,-1,1.0,1.0,0.170426826,2,1,2,0.473107815,0
1859,1018,1,1.0,1.0,0.291182282,2,1,2,0.426463842,0
1860,1019,1,-1.0,-1.0,0.099749555,2,1,1,0.339871407,0
1864,1023,1,1.0,1.0,0.497498683,2,1,2,0.36557889,0
1865,1024,1,-1.0,-1.0,0.034170945,2,1,1,0.404923201,0
1866,1025,1,1.0,-1.0,0.099749555,2,1,1,0.392548084,0
1867,1026,1,1.0,1.0,0.291182282,2,1,2,0.351636887,0
1868,1027,-1,-1.0,-1.0,0.497498683,2,1,1,0.52670002,0
1876,1035,1,1.0,-1.0,0.099749555,2,1,1,0.392252207,0
1878,1037,0,1.0,1.0,0.85,2,1,2,0.392199039,0
1880,1039,0,-1.0,1.0,0.291182282,2,1,2,0.474151373,0
1886,1045,1,1.0,-1.0,0.058382673,2,1,1,0.470869064,0
1889,1048,1,-1.0,-1.0,0.85,2,0,2,0.672357798,0
1891,1050,1,-1.0,-1.0,0.034170945,2,0,2,0.479453087,0
1892,1051,1,1.0,1.0,0.85,2,1,2,0.455613613,0
1893,1052,1,1.0,1.0,0.058382673,2,1,2,0.412409067,0
1894,1053,1,-1.0,-1.0,0.034170945,2,1,1,0.50259304,0
1895,1054,1,1.0,1.0,0.099749555,2,1,2,0.286723137,0
1896,1055,-1,1.0,1.0,0.099749555,2,1,2,0.463279724,0
1897,1056,0,-1.0,1.0,0.85,2,1,2,0.37116003,0
1898,1057,1,1.0,1.0,0.85,2,0,1,0.444595814,0
1899,1058,1,-1.0,1.0,0.170426826,2,0,1,1.215196133,0
1900,1059,1,1.0,1.0,0.034170945,2,0,1,0.62605691,0
1902,1061,0,-1.0,-1.0,0.497498683,2,1,1,0.479207754,0
1907,1066,-1,1.0,-1.0,0.497498683,2,1,1,0.467097759,0
1908,1067,-1,1.0,1.0,0.170426826,2,1,2,0.614334345,0
1910,1069,1,-1.0,1.0,0.058382673,2,1,2,0.404700756,0
1912,1071,1,1.0,1.0,0.170426826,2,1,2,0.391552925,0
1914,1073,0,1.0,1.0,0.099749555,2,0,1,0.474802494,0
1916,1075,1,1.0,1.0,0.099749555,2,1,2,0.42323494,0
1917,1076,0,-1.0,1.0,0.034170945,2,1,2,0.69099617,0
1919,1078,0,1.0,-1.0,0.291182282,2,1,1,0.458165884,0
1921,1080,-1,1.0,1.0,0.170426826,2,1,2,0.550303936,0
1922,1081,0,1.0,1.0,0.291182282,2,1,2,0.338704824,0
1923,1082,1,-1.0,1.0,0.497498683,2,1,2,0.615344048,0
1926,1085,1,-1.0,1.0,0.02,2,1,2,0.687181234,0
1928,1087,1,-1.0,-1.0,0.02,2,0,2,0.486479759,0
1930,1089,1,-1.0,1.0,0.099749555,2,1,2,0.512582064,0
1934,1093,-1,-1.0,1.0,0.291182282,2,1,2,0.584445715,0
1937,1096,1,-1.0,1.0,0.058382673,2,0,1,0.416045904,0
1938,1097,0,1.0,1.0,0.85,2,1,2,0.403255224,0
1947,1106,1,1.0,-1.0,0.497498683,2,1,1,0.393057585,0
1951,1110,0,-1.0,1.0,0.02,2,0,1,0.41930294,0
1952,1111,-1,1.0,-1.0,0.497498683,2,0,2,0.616562366,0
1954,1113,0,-1.0,-1.0,0.034170945,2,1,1,0.341236591,0
1955,1114,-1,1.0,-1.0,0.058382673,2,0,2,0.491308689,0
1956,1115,-1,-1.0,1.0,0.85,2,1,2,0.644984245,0
1957,1116,1,1.0,-1.0,0.170426826,2,1,1,0.380843163,0
1961,1120,-1,1.0,-1.0,0.291182282,2,1,1,0.457779169,0
1962,1121,-1,1.0,1.0,0.058382673,2,0,1,0.595821142,0
1963,1122,1,-1.0,-1.0,0.02,2,0,2,0.651520491,0
1964,1123,1,-1.0,1.0,0.034170945,2,0,1,0.403081179,0
1965,1124,1,1.0,1.0,0.85,2,1,2,0.398502827,0
1967,1126,1,-1.0,1.0,0.099749555,2,1,2,0.458511829,0
1968,1127,1,-1.0,1.0,0.034170945,2,1,2,0.388292789,0
1969,1128,-1,-1.0,-1.0,0.497498683,2,1,1,0.434273481,0
1971,1130,1,1.0,-1.0,0.058382673,2,1,1,0.432697773,0
1972,1131,0,-1.0,-1.0,0.058382673,2,0,2,0.505085707,0
1973,1132,1,-1.0,1.0,0.02,2,0,1,0.341974258,0
1976,1135,1,-1.0,1.0,0.02,2,1,2,0.414871216,0
1977,1136,1,1.0,-1.0,0.034170945,2,1,1,0.49661088,0
1978,1137,1,-1.0,1.0,0.099749555,2,1,2,0.486195803,0
1979,1138,1,-1.0,1.0,0.02,2,0,1,0.464529991,0
1980,1139,1,-1.0,1.0,0.099749555,2,1,2,0.517099142,0
1981,1140,1,-1.0,-1.0,0.497498683,2,1,1,0.370662928,0
1984,1143,1,1.0,1.0,0.058382673,2,1,2,0.38543582,0
1988,1147,0,1.0,-1.0,0.291182282,2,0,2,0.609499216,0
1989,1148,1,1.0,-1.0,0.291182282,2,1,1,0.684239864,0
1991,1150,1,-1.0,-1.0,0.099749555,2,0,2,0.704089403,0
1992,1151,1,1.0,-1.0,0.497498683,2,1,1,0.465174913,0
1993,1152,1,1.0,1.0,0.099749555,2,1,2,0.525771141,0
1997,1156,1,-1.0,1.0,0.099749555,2,0,1,0.691488028,0
1999,1158,-1,-1.0,-1.0,0.058382673,2,1,1,0.51850605,0
2000,1159,0,1.0,-1.0,0.034170945,2,0,2,0.667013168,0
2002,1161,-1,-1.0,1.0,0.058382673,2,0,1,0.451472282,0
2003,1162,1,1.0,1.0,0.170426826,2,1,2,0.345638275,0
2004,1163,1,1.0,1.0,0.099749555,2,1,2,0.445612907,0
2005,1164,0,-1.0,1.0,0.034170945,2,0,1,0.367695093,0
2007,1166,1,1.0,-1.0,0.85,2,1,1,0.440134048,0
2009,1168,0,1.0,-1.0,0.058382673,2,1,1,0.380367279,0
2010,1169,1,1.0,-1.0,0.497498683,2,1,1,0.340668678,0
2012,1171,1,1.0,1.0,0.170426826,2,1,2,0.311490297,0
2013,1172,1,-1.0,-1.0,0.058382673,2,1,1,0.50475502,0
2014,1173,-1,-1.0,-1.0,0.099749555,2,0,2,0.615057945,0
2016,1175,1,-1.0,-1.0,0.170426826,2,0,2,0.567783117,0
2018,1177,1,1.0,1.0,0.058382673,2,0,1,0.481692314,0
2020,1179,1,-1.0,1.0,0.497498683,2,1,2,0.326276779,0
2021,1180,-1,1.0,-1.0,0.058382673,2,1,1,0.457853794,0
2023,1182,1,-1.0,-1.0,0.291182282,2,1,1,0.505402088,0
2028,1187,1,-1.0,-1.0,0.058382673,2,1,1,0.385806322,0
2029,1188,0,-1.0,1.0,0.034170945,2,1,2,0.433531761,0
2032,1191,1,-1.0,-1.0,0.02,2,1,1,0.430317163,0
2034,1193,0,-1.0,1.0,0.034170945,2,0,1,0.56505084,0
2036,1195,0,1.0,-1.0,0.291182282,2,1,1,0.460285902,0
2042,0,0,0.0,0.0,0.0,0,0,0,0.0,0
2045,4,-1,-1.0,-1.0,0.02,2,1,1,0.507799149,0
2047,6,-1,-1.0,-1.0,0.034170945,2,1,1,0.479897022,0
2048,7,1,-1.0,1.0,0.058382673,2,1,2,0.317875624,0
2051,10,0,1.0,-1.0,0.034170945,2,1,1,0.266496658,0
2054,13,-1,1.0,-1.0,0.034170945,2,1,1,0.49885273,0
2055,14,1,-1.0,-1.0,0.034170945,2,1,1,0.337122917,0
2057,16,1,-1.0,-1.0,0.099749555,2,0,2,0.318944931,0
2063,22,0,1.0,-1.0,0.02,2,0,2,0.556468725,0
2065,24,1,-1.0,-1.0,0.034170945,2,1,1,0.286050797,0
2067,26,-1,1.0,-1.0,0.291182282,2,1,1,0.581070423,0
2069,28,-1,-1.0,1.0,0.058382673,2,1,2,0.508562565,0
2070,29,1,1.0,-1.0,0.02,2,0,2,0.229961157,0
2076,35,-1,1.0,1.0,0.02,2,0,1,0.364528894,0
2078,37,0,1.0,-1.0,0.85,2,0,2,0.222803831,0
2079,38,0,-1.0,-1.0,0.034170945,2,0,2,0.508616924,0
2083,42,0,1.0,-1.0,0.170426826,2,1,1,0.507111073,0
2086,45,1,-1.0,-1.0,0.170426826,2,1,1,0.382759333,0
2087,46,1,-1.0,-1.0,0.291182282,2,1,1,0.317960262,0
2088,47,0,1.0,1.0,0.058382673,2,1,2,0.259525061,0
2089,48,1,1.0,-1.0,0.099749555,2,0,2,0.272150755,0
2090,49,-1,1.0,1.0,0.291182282,2,1,2,0.530106783,0
2093,52,1,1.0,-1.0,0.02,2,0,2,0.20966053,0
2094,53,0,-1.0,-1.0,0.099749555,2,1,1,0.30613184,0
2096,55,-1,1.0,-1.0,0.85,2,0,2,0.281818867,0
2097,56,1,-1.0,-1.0,0.02,2,1,1,0.451056242,0
2098,57,1,-1.0,1.0,0.099749555,2,0,1,1.145763636,0
2100,59,1,1.0,1.0,0.85,2,1,2,0.21574688,0
2102,61,1,-1.0,1.0,0.02,2,1,2,0.263870955,0
2103,62,1,1.0,1.0,0.02,2,0,1,0.236281872,0
2108,67,1,-1.0,-1.0,0.099749555,2,1,1,0.354383469,0
2111,70,1,1.0,1.0,0.034170945,2,1,2,0.28501296,0
2115,74,1,1.0,-1.0,0.058382673,2,1,1,1.219580173,0
2118,77,1,1.0,-1.0,0.85,2,1,1,0.50751996,0
2121,80,1,-1.0,-1.0,0.170426826,2,1,1,1.53348875,0
2124,83,1,-1.0,1.0,0.170426826,2,1,2,0.320601702,0
2125,84,1,-1.0,-1.0,0.170426826,2,1,1,0.528076172,0
2126,85,1,1.0,-1.0,0.170426826,2,1,1,0.461667299,0
2127,86,0,1.0,1.0,0.291182282,2,1,2,0.396386147,0
2128,87,-1,-1.0,1.0,0.034170945,2,0,1,0.441908598,0
2132,91,0,1.0,1.0,0.02,2,0,1,0.434460878,0
2133,92,1,-1.0,-1.0,0.497498683,2,1,1,0.302689314,0
2136,95,0,-1.0,1.0,0.291182282,2,1,2,0.335683107,0
2137,96,1,1.0,-1.0,0.034170945,2,0,2,0.268210411,0
2139,98,1,-1.0,-1.0,0.85,2,1,1,1.099545717,0
2141,100,0,-1.0,-1.0,0.058382673,2,0,2,0.57750988,0
2143,101,0,1.0,-1.0,0.170426826,2,1,1,0.357188225,0
2146,104,0,1.0,1.0,0.85,2,1,2,0.318719864,0
2150,108,-1,-1.0,1.0,0.034170945,2,1,2,0.399594307,0
2155,113,1,-1.0,1.0,0.170426826,2,1,2,0.354788303,0
2158,116,-1,-1.0,-1.0,0.291182282,2,1,1,0.589343309,0
2159,117,1,1.0,-1.0,0.291182282,2,0,2,0.447583437,0
2162,120,1,-1.0,-1.0,0.497498683,2,1,1,0.268703938,0
2163,121,0,-1.0,1.0,0.291182282,2,1,2,0.396194458,0
2165,123,-1,-1.0,1.0,0.85,2,1,2,0.628196001,0
2166,124,1,1.0,-1.0,0.02,2,1,1,0.245154142,0
2167,125,1,-1.0,-1.0,0.099749555,2,1,1,0.226242781,0
2168,126,1,1.0,-1.0,0.099749555,2,1,1,0.262060165,0
2170,128,-1,-1.0,-1.0,0.85,2,1,1,1.449224949,0
2174,132,1,1.0,-1.0,0.291182282,2,0,2,0.631877899,0
2175,133,0,-1.0,1.0,0.497498683,2,1,2,0.595566988,0
2176,134,1,-1.0,-1.0,0.099749555,2,0,2,0.647041798,0
2178,136,1,1.0,-1.0,0.291182282,2,1,1,0.336436749,0
2179,137,1,-1.0,1.0,0.02,2,1,2,0.420441628,0
2180,138,1,-1.0,-1.0,0.85,2,1,1,1.029339314,0
2184,142,1,-1.0,-1.0,0.02,2,1,1,0.345346212,0
2189,147,1,-1.0,1.0,0.099749555,2,1,2,0.317276478,0
2190,148,1,-1.0,-1.0,0.099749555,2,1,1,0.209340811,0
2191,149,1,-1.0,1.0,0.099749555,2,1,2,0.22781229,0
2192,150,1,-1.0,-1.0,0.497498683,2,1,1,0.169806242,0
2193,151,1,-1.0,1.0,0.85,2,1,2,0.269758701,0
2194,152,1,1.0,-1.0,0.85,2,1,1,0.308939934,0
2195,153,1,1.0,1.0,0.02,2,0,1,0.245322943,0
2198,156,0,1.0,1.0,0.034170945,2,1,2,0.194761992,0
2201,159,1,-1.0,-1.0,0.497498683,2,1,1,0.342217207,0
2202,160,0,-1.0,1.0,0.170426826,2,1,2,0.274353981,0
2205,163,0,1.0,-1.0,0.291182282,2,0,2,0.809251547,0
2207,165,0,1.0,-1.0,0.497498683,2,1,1,0.569186211,0
2208,166,-1,1.0,-1.0,0.85,2,1,1,1.705621719,0
2209,167,1,1.0,1.0,0.291182282,2,0,1,0.332314253,0
2210,168,1,1.0,-1.0,0.170426826,2,1,1,0.615018129,0
2211,169,1,1.0,-1.0,0.291182282,2,1,1,0.387218952,0
2212,170,1,1.0,-1.0,0.034170945,2,1,1,0.324714899,0
2213,171,-1,-1.0,-1.0,0.099749555,2,0,2,0.665394306,0
2214,172,1,-1.0,1.0,0.02,2,0,1,0.20728302,0
2215,173,0,1.0,-1.0,0.291182282,2,1,1,0.284221649,0
2218,176,1,-1.0,-1.0,0.170426826,2,1,1,0.299021244,0
2225,183,1,1.0,1.0,0.497498683,2,1,2,0.271964073,0
2227,185,1,1.0,1.0,0.02,2,1,2,0.293989658,0
2228,186,0,1.0,1.0,0.099749555,2,1,2,0.228898287,0
2230,188,1,1.0,1.0,0.058382673,2,1,2,0.223142862,0
2231,189,0,1.0,-1.0,0.02,2,0,2,0.190520763,0
2232,190,-1,1.0,1.0,0.034170945,2,0,1,0.418715477,0
2233,191,0,-1.0,-1.0,0.291182282,2,1,1,0.50551486,0
2237,195,1,1.0,1.0,0.058382673,2,1,2,0.252527952,0
2241,199,1,1.0,1.0,0.291182282,2,1,2,0.25189805,0
2244,202,-1,1.0,-1.0,0.170426826,2,1,1,1.270044088,0
2248,206,1,-1.0,-1.0,0.058382673,2,1,1,0.298947811,0
2250,208,1,-1.0,1.0,0.85,2,1,2,0.614986181,0
2254,212,1,-1.0,1.0,0.02,2,1,2,0.201726913,0
2255,213,1,1.0,-1.0,0.02,2,0,2,0.119503498,0
2256,214,0,1.0,-1.0,0.099749555,2,1,1,0.391666651,0
2257,215,1,-1.0,-1.0,0.02,2,0,2,0.262588978,0
2261,219,1,-1.0,1.0,0.497498683,2,1,2,0.296941757,0
2263,221,1,-1.0,-1.0,0.034170945,2,0,2,0.326753855,0
2266,224,1,1.0,1.0,0.85,2,1,2,0.23738575,0
2268,226,1,-1.0,-1.0,0.02,2,1,1,0.550515652,0
2270,228,1,-1.0,1.0,0.099749555,2,1,2,0.150798798,0
2272,230,0,1.0,-1.0,0.099749555,2,0,2,0.407851458,0
2274,232,0,-1.0,-1.0,0.034170945,2,0,2,0.235674858,0
2275,233,1,-1.0,1.0,0.291182282,2,1,2,0.424898863,0
2276,234,1,-1.0,1.0,0.291182282,2,1,2,0.231312037,0
2277,235,1,1.0,1.0,0.497498683,2,0,1,0.365608692,0
2278,236,0,1.0,-1.0,0.291182282,2,0,2,0.303390503,0
2280,238,1,1.0,-1.0,0.291182282,2,1,1,0.353693962,0
2286,244,1,-1.0,-1.0,0.02,2,1,1,0.349024773,0
2287,245,-1,1.0,1.0,0.170426826,2,1,2,0.207399607,0
2290,248,1,1.0,-1.0,0.497498683,2,1,1,0.274630547,0
2292,250,1,1.0,-1.0,0.034170945,2,0,2,0.356641769,0
2293,251,-1,-1.0,1.0,0.034170945,2,0,1,0.386491776,0
2294,252,-1,-1.0,1.0,0.02,2,0,1,0.242516756,0
2295,253,0,-1.0,1.0,0.85,2,1,2,0.27899766,0
2296,254,1,-1.0,1.0,0.497498683,2,0,1,0.261209011,0
2297,255,-1,1.0,-1.0,0.170426826,2,1,1,0.565006733,0
2301,259,0,-1.0,-1.0,0.02,2,1,1,0.36852169,0
2302,260,-1,1.0,1.0,0.291182282,2,1,2,0.458076,0
2304,262,0,-1.0,1.0,0.170426826,2,1,2,0.255555868,0
2310,268,-1,-1.0,1.0,0.034170945,2,1,2,0.542793751,0
2312,270,1,1.0,-1.0,0.170426826,2,1,1,0.259546757,0
2313,271,1,-1.0,1.0,0.497498683,2,1,2,0.255125761,0
2314,272,1,-1.0,1.0,0.058382673,2,0,1,0.310489893,0
2315,273,-1,1.0,-1.0,0.02,2,0,2,0.176980257,0
2320,278,-1,-1.0,-1.0,0.034170945,2,0,2,0.217190027,0
2322,280,-1,-1.0,1.0,0.034170945,2,0,1,0.325748682,0
2323,281,1,1.0,1.0,0.170426826,2,1,2,0.32967186,0
2324,282,-1,1.0,1.0,0.02,2,1,2,0.317389011,0
2330,288,1,1.0,1.0,0.291182282,2,1,2,0.255191803,0
2331,289,1,1.0,-1.0,0.85,2,0,2,0.269604445,0
2332,290,1,-1.0,1.0,0.034170945,2,0,1,0.274288416,0
2333,291,-1,-1.0,1.0,0.497498683,2,1,2,0.681288719,0
2336,294,-1,1.0,-1.0,0.099749555,2,0,2,0.631198168,0
2337,295,1,1.0,1.0,0.170426826,2,1,2,0.433763981,0
2340,298,0,1.0,1.0,0.099749555,2,1,2,0.066236019,0
2343,301,1,-1.0,1.0,0.291182282,2,1,2,0.5011971,0
2345,303,1,-1.0,-1.0,0.058382673,2,1,1,0.350664139,0
2346,304,1,1.0,-1.0,0.85,2,1,1,1.199178696,0
2347,305,1,-1.0,1.0,0.034170945,2,1,2,0.438959837,0
2348,306,1,1.0,1.0,0.02,2,1,2,0.262272596,0
2350,308,1,-1.0,1.0,0.291182282,2,1,2,0.282757998,0
2351,309,1,1.0,-1.0,0.497498683,2,1,1,0.336843252,0
2357,315,1,1.0,1.0,0.85,2,1,2,0.287885904,0
2358,316,-1,1.0,-1.0,0.034170945,2,1,1,0.401800156,0
2360,318,-1,1.0,-1.0,0.497498683,2,1,1,0.5922153,0
2361,319,1,1.0,-1.0,0.099749555,2,1,1,0.383104086,0
2362,320,-1,-1.0,-1.0,0.497498683,2,1,1,0.390732527,0
2365,323,0,1.0,-1.0,0.85,2,1,1,0.369083405,0
2367,325,1,1.0,-1.0,0.034170945,2,1,1,0.307312965,0
2370,328,-1,-1.0,1.0,0.85,2,0,1,0.415004969,0
2371,329,-1,1.0,1.0,0.497498683,2,1,2,0.481333971,0
2372,330,-1,-1.0,1.0,0.058382673,2,1,2,0.771123886,0
2373,331,1,1.0,1.0,0.02,2,0,1,0.290762901,0
2374,332,-1,-1.0,-1.0,0.85,2,1,1,0.395121813,0
2375,333,1,1.0,1.0,0.85,2,1,2,0.291517496,0
2379,337,-1,1.0,-1.0,0.170426826,2,0,2,0.603804827,0
2380,338,1,1.0,1.0,0.85,2,1,2,0.259337902,0
2382,340,1,1.0,1.0,0.058382673,2,0,1,0.38440299,0
2383,341,1,-1.0,-1.0,0.170426826,2,1,1,0.297751904,0
2387,345,0,1.0,-1.0,0.85,2,1,1,0.349943876,0
2399,357,1,-1.0,1.0,0.170426826,2,0,1,0.446061611,0
2400,358,0,-1.0,-1.0,0.170426826,2,1,1,0.815832138,0
2401,359,1,1.0,1.0,0.099749555,2,1,2,0.975543261,0
2402,360,1,1.0,-1.0,0.058382673,2,0,2,0.353144407,0
2403,361,1,-1.0,1.0,0.497498683,2,1,2,0.586869001,0
2407,365,1,1.0,-1.0,0.034170945,2,0,2,0.480591297,0
2408,366,1,1.0,1.0,0.034170945,2,0,1,0.381901026,0
2410,368,1,1.0,1.0,0.170426826,2,1,2,0.666465282,0
2413,371,1,1.0,1.0,0.497498683,2,1,2,0.299147606,0
2414,372,1,1.0,1.0,0.02,2,0,1,0.400667429,0
2415,373,0,-1.0,1.0,0.497498683,2,1,2,0.329841852,0
2417,375,1,1.0,1.0,0.497498683,2,1,2,0.238759995,0
2418,376,1,-1.0,1.0,0.058382673,2,0,1,0.34965539,0
2421,379,1,1.0,-1.0,0.099749555,2,1,1,0.395701885,0
2423,381,1,1.0,-1.0,0.85,2,1,1,0.395092964,0
2425,383,1,-1.0,1.0,0.034170945,2,0,1,0.445935249,0
2427,385,1,-1.0,1.0,0.034170945,2,0,1,0.397064447,0
2431,389,1,1.0,1.0,0.291182282,2,1,2,0.489651918,0
2434,392,1,1.0,1.0,0.291182282,2,0,1,0.665224791,0
2436,394,-1,1.0,1.0,0.291182282,2,1,2,1.25612855,0
2437,395,-1,-1.0,-1.0,0.291182282,2,1,1,0.431713104,0
2439,397,1,-1.0,-1.0,0.099749555,2,1,1,0.377362967,0
2440,398,1,-1.0,1.0,0.85,2,1,2,0.456914902,0
2442,400,1,-1.0,1.0,0.85,2,1,2,0.511255503,0
2444,402,1,1.0,-1.0,0.02,2,1,1,0.289101839,0
2445,403,1,-1.0,1.0,0.034170945,2,0,1,0.278844833,0
2446,404,1,-1.0,-1.0,0.099749555,2,0,2,0.367903948,0
2447,405,1,-1.0,1.0,0.85,2,1,2,0.442107916,0
2450,408,-1,-1.0,-1.0,0.291182282,2,0,2,0.590471268,0
2452,410,-1,-1.0,1.0,0.02,2,0,1,0.379796982,0
2454,412,-1,1.0,-1.0,0.099749555,2,1,1,0.649441719,0
2455,413,-1,1.0,1.0,0.02,2,1,2,0.36190486,0
2456,414,0,-1.0,-1.0,0.02,2,0,2,0.594990969,0
2458,416,0,-1.0,1.0,0.85,2,1,2,0.419368267,0
2460,418,1,1.0,1.0,0.170426826,2,1,2,0.347102642,0
2462,420,-1,1.0,1.0,0.497498683,2,1,2,0.327991962,0
2463,421,0,1.0,1.0,0.497498683,2,1,2,0.284343243,0
2464,422,-1,1.0,1.0,0.034170945,2,1,2,0.40989399,0
2465,423,1,-1.0,1.0,0.291182282,2,1,2,0.252112865,0
2466,424,1,1.0,-1.0,0.058382673,2,1,1,0.403424263,0
2467,425,1,-1.0,1.0,0.058382673,2,0,1,0.27288413,0
2469,427,-1,1.0,-1.0,0.02,2,1,1,0.456830025,0
2470,428,1,1.0,1.0,0.85,2,1,2,0.355432987,0
2471,429,1,-1.0,1.0,0.099749555,2,0,1,0.397813797,0
2475,433,0,1.0,1.0,0.291182282,2,1,2,0.485643625,0
2476,434,1,-1.0,-1.0,0.497498683,2,1,1,0.249161482,0
2478,436,-1,-1.0,1.0,0.291182282,2,0,1,0.520906925,0
2479,437,1,1.0,1.0,0.034170945,2,1,2,0.295804739,0
2480,438,1,1.0,-1.0,0.099749555,2,0,2,0.228113413,0
2481,439,1,-1.0,-1.0,0.099749555,2,0,2,0.426445723,0
2482,440,1,-1.0,1.0,0.034170945,2,0,1,0.588085175,0
2483,441,-1,-1.0,1.0,0.85,2,1,2,0.794255972,0
2485,443,0,-1.0,-1.0,0.170426826,2,1,1,0.355225801,0
2487,445,-1,-1.0,-1.0,0.02,2,1,1,0.496086121,0
2488,446,0,1.0,-1.0,0.034170945,2,0,2,0.222647667,0
2493,451,0,-1.0,-1.0,0.85,2,1,1,0.36303854,0
2496,454,0,-1.0,1.0,0.058382673,2,1,2,0.555716991,0
2499,457,1,-1.0,-1.0,0.02,2,0,2,0.349081755,0
2502,460,1,1.0,-1.0,0.02,2,1,1,0.488708019,0
2504,462,1,-1.0,-1.0,0.058382673,2,0,2,0.438318014,0
2505,463,0,1.0,-1.0,0.058382673,2,0,2,0.452686071,0
2507,465,1,-1.0,-1.0,0.291182282,2,1,1,1.183569431,0
2508,466,1,1.0,-1.0,0.291182282,2,1,1,0.395625353,0
2509,467,1,-1.0,-1.0,0.170426826,2,1,1,0.323786974,0
2511,469,1,1.0,-1.0,0.291182282,2,1,1,0.361443996,0
2512,470,0,-1.0,-1.0,0.497498683,2,1,1,0.296893358,0
2514,472,1,-1.0,-1.0,0.291182282,2,1,1,0.282423973,0
2516,474,-1,-1.0,-1.0,0.85,2,1,1,0.419283867,0
2520,478,1,-1.0,-1.0,0.291182282,2,1,1,0.320892096,0
2521,479,-1,-1.0,-1.0,0.058382673,2,1,1,0.374411821,0
2522,480,0,-1.0,1.0,0.099749555,2,1,2,0.300814629,0
2525,483,1,-1.0,-1.0,0.099749555,2,1,1,0.319005013,0
2526,484,0,1.0,1.0,0.85,2,1,2,0.292458296,0
2527,485,0,1.0,1.0,0.058382673,2,1,2,0.249116182,0
2529,487,1,1.0,-1.0,0.497498683,2,1,1,0.927673101,0
2531,489,-1,-1.0,-1.0,0.291182282,2,1,1,0.491750002,0
2532,490,1,1.0,1.0,0.02,2,1,2,0.246446133,0
2533,491,1,-1.0,-1.0,0.034170945,2,0,2,0.392001152,0
2534,492,1,-1.0,1.0,0.497498683,2,1,2,0.357236385,0
2535,493,0,-1.0,1.0,0.170426826,2,1,2,0.65326333,0
2536,494,0,-1.0,1.0,0.099749555,2,0,1,0.439884186,0
2537,495,1,-1.0,-1.0,0.099749555,2,1,1,0.334873676,0
2539,497,-1,-1.0,-1.0,0.099749555,2,0,2,0.56613183,0
2540,498,-1,-1.0,-1.0,0.170426826,2,1,1,0.524612427,0
2541,499,0,1.0,1.0,0.099749555,2,1,2,0.316598415,0
2542,500,1,1.0,1.0,0.058382673,2,1,2,0.237015009,0
2543,501,0,1.0,-1.0,0.058382673,2,1,1,0.391515255,0
2546,504,1,-1.0,-1.0,0.058382673,2,1,1,0.227148056,0
2547,505,0,1.0,-1.0,0.497498683,2,0,2,0.531573534,0
2552,510,1,1.0,1.0,0.02,2,0,1,0.240027189,0
2553,511,0,-1.0,1.0,0.291182282,2,1,2,0.296729326,0
2554,512,1,-1.0,-1.0,0.099749555,2,1,1,0.357470274,0
2556,514,-1,-1.0,1.0,0.291182282,2,1,2,0.329725742,0
2557,515,0,-1.0,-1.0,0.291182282,2,0,2,0.649401665,0
2558,516,1,1.0,-1.0,0.034170945,2,1,1,0.267329931,0
2559,517,0,1.0,-1.0,0.02,2,0,2,0.303392172,0
2560,518,0,1.0,-1.0,0.099749555,2,0,2,0.711849928,0
2561,519,0,-1.0,-1.0,0.02,2,1,1,0.241609573,0
2565,523,-1,-1.0,1.0,0.170426826,2,1,2,0.33975482,0
2567,525,1,1.0,-1.0,0.02,2,0,2,0.335141182,0
2568,526,0,-1.0,-1.0,0.034170945,2,1,1,0.322396278,0
2569,527,1,-1.0,1.0,0.099749555,2,0,1,0.3743999,0
2570,528,0,-1.0,1.0,0.02,2,0,1,0.402342796,0
2572,530,0,-1.0,1.0,0.170426826,2,1,2,0.375608921,0
2573,531,1,-1.0,1.0,0.497498683,2,0,1,0.396098375,0
2574,532,1,1.0,1.0,0.058382673,2,1,2,0.805303097,0
2578,536,0,1.0,-1.0,0.02,2,1,1,0.483995914,0
2581,539,0,1.0,-1.0,0.497498683,2,1,1,0.379248857,0
2583,541,1,1.0,1.0,0.02,2,0,1,0.356453657,0
2585,543,1,1.0,1.0,0.058382673,2,0,1,0.356051683,0
2589,547,0,1.0,1.0,0.85,2,1,2,0.560878515,0
2590,548,-1,-1.0,-1.0,0.170426826,2,1,1,0.265743017,0
2594,552,-1,-1.0,-1.0,0.058382673,2,0,2,0.57643795,0
2596,554,1,-1.0,-1.0,0.497498683,2,1,1,0.317181349,0
2597,555,1,1.0,1.0,0.497498683,2,1,2,0.378873348,0
2603,561,-1,-1.0,-1.0,0.058382673,2,1,1,0.448950291,0
2604,562,1,1.0,1.0,0.497498683,2,0,1,0.41493535,0
2613,571,1,1.0,1.0,0.85,2,1,2,0.503893137,0
2614,572,1,1.0,-1.0,0.099749555,2,1,1,0.382348061,0
2619,577,0,-1.0,1.0,0.85,2,1,2,0.768340826,0
2621,579,1,-1.0,1.0,0.02,2,0,1,0.301653147,0
2622,580,1,1.0,-1.0,0.497498683,2,1,1,0.296858311,0
2623,581,1,-1.0,1.0,0.170426826,2,1,2,0.286885023,0
2630,588,-1,1.0,1.0,0.85,2,1,2,0.398874044,0
2635,593,1,1.0,1.0,0.291182282,2,1,2,0.491437674,0
2636,0,0,0.0,0.0,0.0,0,0,0,0.0,0
2637,595,1,-1.0,-1.0,0.034170945,2,1,1,0.398278952,0
2641,599,1,-1.0,1.0,0.058382673,2,1,2,0.471249104,0
2642,600,-1,-1.0,-1.0,0.02,2,1,1,0.433608294,0
2643,594,1,-1.0,1.0,0.291182282,2,1,2,0.640502691,0
2644,601,-1,1.0,-1.0,0.291182282,2,1,1,0.568120003,0
2645,602,1,1.0,-1.0,0.291182282,2,0,2,0.434828997,0
2646,603,0,-1.0,-1.0,0.034170945,2,1,1,0.484390259,0
2648,605,-1,-1.0,1.0,0.058382673,2,1,2,0.431393862,0
2652,609,-1,-1.0,1.0,0.291182282,2,1,2,0.664317846,0
2653,610,1,-1.0,1.0,0.058382673,2,1,2,0.335546017,0
2654,611,-1,1.0,-1.0,0.099749555,2,0,2,0.41744113,0
2655,612,1,1.0,1.0,0.291182282,2,1,2,0.396067858,0
2660,617,0,-1.0,-1.0,0.099749555,2,0,2,0.274102211,0
2661,618,1,1.0,-1.0,0.058382673,2,1,1,0.367430925,0
2663,620,1,1.0,1.0,0.058382673,2,1,2,0.296467543,0
2666,623,1,1.0,1.0,0.058382673,2,0,1,0.448210001,0
2668,625,1,-1.0,-1.0,0.02,2,1,1,0.327134371,0
2669,626,1,-1.0,-1.0,0.058382673,2,1,1,0.380352974,0
2670,627,1,1.0,-1.0,0.02,2,1,1,0.311879158,0
2672,629,1,1.0,1.0,0.02,2,1,2,0.348379612,0
2673,630,1,1.0,-1.0,0.85,2,1,1,0.319107771,0
2676,633,1,-1.0,1.0,0.058382673,2,1,2,0.300630808,0
2678,635,1,1.0,-1.0,0.291182282,2,0,2,0.274967194,0
2685,642,1,1.0,-1.0,0.02,2,1,1,0.229640961,0
2687,644,1,1.0,-1.0,0.170426826,2,0,2,0.356445551,0
2689,646,-1,1.0,1.0,0.058382673,2,0,1,0.419112921,0
2695,652,1,1.0,1.0,0.497498683,2,1,2,0.382223368,0
2697,654,-1,1.0,1.0,0.497498683,2,1,2,0.407113075,0
2698,655,-1,-1.0,-1.0,0.02,2,0,2,0.777519226,0
2700,657,1,-1.0,1.0,0.85,2,1,2,0.405469894,0
2701,658,-1,1.0,1.0,0.291182282,2,1,2,0.351247549,0
2703,660,0,1.0,1.0,0.85,2,1,2,0.269860983,0
2704,661,1,1.0,-1.0,0.170426826,2,1,1,0.292555094,0
2706,663,1,-1.0,1.0,0.170426826,2,0,1,0.478126764,0
2707,664,1,1.0,1.0,0.058382673,2,1,2,0.353386641,0
2708,665,0,1.0,1.0,0.034170945,2,1,2,0.286575079,0
2709,666,-1,-1.0,1.0,0.034170945,2,1,2,0.491096258,0
2710,667,-1,1.0,1.0,0.85,2,0,1,0.454118729,0
2712,669,1,-1.0,1.0,0.02,2,0,1,0.429583788,0
2714,671,1,-1.0,-1.0,0.099749555,2,1,1,0.659821749,0
2715,672,1,1.0,-1.0,0.85,2,0,2,0.559414864,0
2717,674,1,-1.0,1.0,0.85,2,1,2,0.456659794,0
2721,678,0,1.0,-1.0,0.497498683,2,1,1,0.406299114,0
2722,679,-1,1.0,1.0,0.170426826,2,0,1,0.543413162,0
2723,680,0,-1.0,1.0,0.058382673,2,1,2,0.463237762,0
2726,683,1,1.0,1.0,0.291182282,2,1,2,0.297717094,0
2731,688,0,-1.0,-1.0,0.034170945,2,0,2,0.325641394,0
2736,693,1,1.0,-1.0,0.034170945,2,0,2,0.277621984,0
2737,694,-1,1.0,-1.0,0.058382673,2,1,1,0.439703465,0
2738,695,1,1.0,-1.0,0.170426826,2,0,2,1.280621767,0
2739,696,-1,-1.0,1.0,0.170426826,2,1,2,0.621231556,0
2740,697,-1,-1.0,1.0,0.034170945,2,0,1,0.346839666,0
2741,698,1,1.0,-1.0,0.85,2,1,1,0.380926371,0
2743,700,1,1.0,1.0,0.170426826,2,0,1,0.55295682,0
2745,702,1,1.0,-1.0,0.034170945,2,1,1,0.28785491,0
2747,704,-1,1.0,-1.0,0.034170945,2,1,1,0.335350275,0
2748,705,-1,1.0,1.0,0.034170945,2,1,2,0.245735884,0
2750,707,1,-1.0,1.0,0.058382673,2,0,1,0.273160458,0
2751,708,1,-1.0,-1.0,0.099749555,2,1,1,0.341475964,0
2752,709,1,1.0,-1.0,0.170426826,2,0,2,0.320841074,0
2754,711,1,1.0,1.0,0.034170945,2,0,1,0.463624001,0
2756,713,-1,-1.0,1.0,0.099749555,2,0,1,0.465932369,0
2758,715,1,1.0,-1.0,0.034170945,2,0,2,0.398138762,0
2760,717,-1,1.0,1.0,0.291182282,2,1,2,0.40730691,0
2761,718,0,1.0,-1.0,0.034170945,2,0,2,0.552672625,0
2763,720,-1,1.0,1.0,0.85,2,1,2,0.360934019,0
2764,721,1,1.0,1.0,0.85,2,1,2,0.284623146,0
2765,722,1,-1.0,-1.0,0.170426826,2,1,1,0.466032028,0
2769,726,0,1.0,1.0,0.099749555,2,1,2,0.377677202,0
2773,730,1,1.0,-1.0,0.02,2,0,2,0.28535223,0
2780,737,1,1.0,-1.0,0.170426826,2,1,1,0.3890028,0
2781,738,-1,-1.0,-1.0,0.058382673,2,0,2,0.521123886,0
2783,740,1,1.0,-1.0,0.058382673,2,0,2,0.312998772,0
2787,744,1,-1.0,-1.0,0.497498683,2,1,1,0.472673655,0
2790,747,-1,1.0,-1.0,0.058382673,2,0,2,0.537257671,0
2791,748,-1,-1.0,-1.0,0.034170945,2,1,1,0.513743639,0
2792,749,0,1.0,1.0,0.170426826,2,1,2,0.353113651,0
2794,751,1,-1.0,-1.0,0.034170945,2,1,1,0.35477829,0
2795,752,-1,-1.0,1.0,0.85,2,1,2,0.424770117,0
2799,756,1,-1.0,1.0,0.058382673,2,1,2,0.366434574,0
2801,758,0,1.0,1.0,0.02,2,0,1,0.376563072,0
2802,759,0,1.0,1.0,0.099749555,2,1,2,0.598136663,0
2804,761,1,1.0,1.0,0.85,2,1,2,0.616455078,0
2810,767,1,1.0,-1.0,0.497498683,2,1,1,0.36217618,0
2811,768,1,1.0,-1.0,0.497498683,2,1,1,0.308979034,0
2813,770,1,1.0,-1.0,0.85,2,1,1,0.547468901,0
2814,771,-1,-1.0,-1.0,0.85,2,1,1,0.301896334,0
2817,774,1,-1.0,-1.0,0.058382673,2,1,1,0.734255314,0
2820,777,1,-1.0,-1.0,0.85,2,1,1,0.300863028,0
2822,779,1,-1.0,-1.0,0.058382673,2,0,2,0.416911602,0
2825,782,-1,-1.0,1.0,0.02,2,0,1,0.340343952,0
2828,785,1,-1.0,-1.0,0.497498683,2,1,1,0.399182081,0
2829,786,-1,-1.0,-1.0,0.170426826,2,1,1,0.434579849,0
2831,788,0,1.0,1.0,0.497498683,2,1,2,0.333304644,0
2833,790,0,1.0,-1.0,0.099749555,2,1,1,0.350662947,0
2834,791,0,-1.0,-1.0,0.497498683,2,1,1,0.321761847,0
2835,792,1,-1.0,1.0,0.85,2,1,2,0.334933281,0
2837,794,1,1.0,1.0,0.497498683,2,1,2,0.268399,0
2840,797,1,1.0,1.0,0.02,2,1,2,0.083854675,0
2841,798,1,-1.0,-1.0,0.291182282,2,1,1,0.264764786,0
2843,800,1,-1.0,1.0,0.099749555,2,0,1,0.32858634,0
2844,801,1,-1.0,1.0,0.291182282,2,1,2,0.380797386,0
2845,802,-1,1.0,1.0,0.170426826,2,1,2,0.373070002,0
2846,803,0,1.0,-1.0,0.291182282,2,0,2,0.376195431,0
2847,804,1,-1.0,-1.0,0.058382673,2,1,1,0.317793846,0
2848,805,1,1.0,-1.0,0.85,2,0,2,0.315425873,0
2851,808,0,-1.0,-1.0,0.058382673,2,1,1,0.350397587,0
2853,810,1,-1.0,1.0,0.058382673,2,1,2,0.376254082,0
2854,811,1,-1.0,1.0,0.02,2,0,1,0.336842775,0
2855,812,1,1.0,1.0,0.85,2,1,2,0.369926929,0
2856,813,1,-1.0,1.0,0.034170945,2,1,2,0.33158493,0
2858,815,1,1.0,1.0,0.497498683,2,1,2,0.249060154,0
2860,817,1,-1.0,1.0,0.497498683,2,1,2,0.233653784,0
2861,818,1,-1.0,1.0,0.058382673,2,1,2,0.258743048,0
2862,819,1,-1.0,-1.0,0.497498683,2,1,1,0.242920876,0
2863,820,1,1.0,-1.0,0.058382673,2,1,1,0.22562623,0
2866,823,1,1.0,-1.0,0.058382673,2,1,1,0.472089767,0
2872,829,1,-1.0,-1.0,0.291182282,2,1,1,0.281495333,0
2875,832,0,1.0,-1.0,0.497498683,2,1,1,0.315349579,0
2880,837,1,1.0,1.0,0.058382673,2,1,2,0.117650986,0
2881,838,1,-1.0,-1.0,0.170426826,2,1,1,0.52541995,0
2885,842,1,-1.0,1.0,0.291182282,2,1,2,0.323254347,0
2886,843,1,-1.0,-1.0,0.099749555,2,1,1,0.373727798,0
2889,846,1,1.0,-1.0,0.170426826,2,1,1,0.1851089,0
2890,847,1,1.0,-1.0,0.099749555,2,0,2,0.307514429,0
2892,849,1,-1.0,-1.0,0.058382673,2,0,2,0.615931273,0
2893,850,1,1.0,1.0,0.02,2,1,2,0.493745804,0
2894,851,1,1.0,1.0,0.099749555,2,1,2,0.268199444,0
2898,855,1,-1.0,-1.0,0.034170945,2,1,1,0.262038708,0
2904,861,1,-1.0,1.0,0.85,2,1,2,0.267132044,0
2905,862,1,1.0,1.0,0.02,2,1,2,0.32174015,0
2912,869,1,-1.0,-1.0,0.034170945,2,0,2,0.243653297,0
2913,870,1,1.0,1.0,0.85,2,1,2,0.254610777,0
2915,872,1,-1.0,1.0,0.058382673,2,1,2,0.251950264,0
2917,874,1,-1.0,-1.0,0.034170945,2,1,1,0.305438995,0
2921,878,1,-1.0,-1.0,0.058382673,2,0,2,0.364847898,0
2922,879,0,1.0,-1.0,0.099749555,2,0,2,0.317326546,0
2926,883,1,1.0,-1.0,0.85,2,1,1,0.385881424,0
2927,884,0,-1.0,1.0,0.02,2,1,2,0.317769289,0
2928,885,1,1.0,1.0,0.291182282,2,1,2,0.367363453,0
2930,887,0,1.0,1.0,0.058382673,2,1,2,0.329111814,0
2931,888,1,1.0,-1.0,0.85,2,1,1,0.289799929,0
2932,889,1,1.0,-1.0,0.034170945,2,0,2,0.500370264,0
2933,890,1,1.0,1.0,0.85,2,1,2,0.307319403,0
2934,891,1,-1.0,1.0,0.02,2,0,1,0.168585062,0
2935,892,-1,1.0,-1.0,0.099749555,2,1,1,0.49828887,0
2936,893,0,1.0,1.0,0.034170945,2,0,1,0.460168839,0
2938,895,0,1.0,-1.0,0.85,2,1,1,0.400139809,0
2940,897,1,-1.0,1.0,0.85,2,1,2,0.349159002,0
2941,898,1,1.0,-1.0,0.85,2,1,1,0.291239023,0
2942,899,0,1.0,1.0,0.497498683,2,1,2,0.303763866,0
2944,901,1,-1.0,1.0,0.034170945,2,0,1,0.272187948,0
2946,903,1,-1.0,-1.0,0.099749555,2,1,1,0.273664236,0
2947,904,-1,1.0,-1.0,0.034170945,2,0,2,0.403235674,0
2948,905,0,1.0,1.0,0.034170945,2,0,1,0.375645876,0
2951,908,1,1.0,-1.0,0.497498683,2,1,1,0.275945902,0
2952,909,1,1.0,1.0,0.034170945,2,1,2,0.32304883,0
2955,912,1,-1.0,1.0,0.497498683,2,1,2,0.284362793,0
2956,913,1,1.0,-1.0,0.034170945,2,0,2,0.451311827,0
2957,914,1,1.0,1.0,0.85,2,1,2,0.356019735,0
2958,915,1,-1.0,1.0,0.497498683,2,1,2,0.425780296,0
2961,918,0,-1.0,1.0,0.85,2,1,2,0.359935999,0
2962,919,-1,-1.0,1.0,0.02,2,0,1,0.396298885,0
2963,920,1,-1.0,1.0,0.034170945,2,1,2,0.36461091,0
2966,923,1,1.0,1.0,0.099749555,2,1,2,0.394506931,0
2968,925,1,1.0,1.0,0.291182282,2,1,2,0.375163794,0
2971,928,1,1.0,-1.0,0.099749555,2,0,2,0.279742956,0
2972,929,-1,1.0,-1.0,0.497498683,2,1,1,0.402590036,0
2974,931,1,1.0,1.0,0.497498683,2,1,2,0.247210026,0
2978,935,1,1.0,1.0,0.497498683,2,1,2,0.314078569,0
2980,937,1,1.0,1.0,0.034170945,2,0,1,0.335772753,0
2981,938,0,1.0,-1.0,0.85,2,0,2,0.266000271,0
2982,939,1,-1.0,-1.0,0.058382673,2,1,1,0.375201941,0
2984,941,0,-1.0,1.0,0.497498683,2,1,2,0.708534002,0
2986,943,0,-1.0,-1.0,0.85,2,1,1,0.361136436,0
2987,944,1,-1.0,1.0,0.291182282,2,1,2,0.274898052,0
2988,945,1,-1.0,-1.0,0.02,2,0,2,0.276484966,0
2990,947,1,-1.0,1.0,0.02,2,0,1,0.309042454,0
2991,948,0,1.0,1.0,0.170426826,2,1,2,0.66455698,0
2992,949,1,-1.0,1.0,0.034170945,2,1,2,0.288779497,0
2993,950,1,-1.0,1.0,0.497498683,2,1,2,0.310037136,0
2994,951,1,-1.0,-1.0,0.170426826,2,1,1,0.606833935,0
2998,955,1,-1.0,1.0,0.034170945,2,0,1,0.36076498,0
2999,956,0,-1.0,-1.0,0.058382673,2,1,1,0.370827436,0
3005,962,1,1.0,1.0,0.058382673,2,1,2,0.596866846,0
3012,969,-1,-1.0,-1.0,0.291182282,2,1,1,0.521876574,0
3015,972,1,1.0,1.0,0.02,2,0,1,0.369909763,0
3016,973,1,-1.0,1.0,0.034170945,2,1,2,0.347974539,0
3019,976,1,1.0,-1.0,0.291182282,2,1,1,0.408814192,0
3027,984,1,1.0,-1.0,0.291182282,2,1,1,0.338676453,0
3028,985,-1,1.0,-1.0,0.02,2,0,2,0.280918121,0
3030,987,1,1.0,-1.0,0.099749555,2,1,1,0.454316378,0
3031,988,0,1.0,1.0,0.170426826,2,1,2,0.369372368,0
3033,990,1,1.0,-1.0,0.034170945,2,1,1,0.311743736,0
3036,993,1,1.0,1.0,0.034170945,2,0,1,0.329051018,0
3037,994,-1,1.0,-1.0,0.02,2,0,2,0.102690458,0
3038,995,0,1.0,1.0,0.497498683,2,1,2,0.296240091,0
3039,996,0,1.0,1.0,0.099749555,2,1,2,0.335001707,0
3043,1000,-1,-1.0,-1.0,0.02,2,0,2,0.243546009,0
3045,1002,1,-1.0,-1.0,0.291182282,2,1,1,0.634747028,0
3046,1003,1,-1.0,-1.0,0.099749555,2,0,2,0.19454217,0
3049,1006,1,1.0,1.0,0.034170945,2,0,1,0.394176722,0
3051,1008,-1,-1.0,-1.0,0.034170945,2,0,2,0.464170933,0
3052,1009,1,-1.0,-1.0,0.497498683,2,1,1,0.284950733,0
3054,1011,1,1.0,-1.0,0.170426826,2,1,1,0.347716093,0
3055,1012,0,-1.0,-1.0,0.02,2,0,2,0.388392925,0
3057,1014,1,-1.0,-1.0,0.85,2,1,1,0.464897156,0
3063,1020,1,1.0,1.0,0.02,2,0,1,0.294380426,0
3065,1022,-1,1.0,1.0,0.497498683,2,1,2,0.658862829,0
3068,1025,1,-1.0,-1.0,0.170426826,2,1,1,0.565894365,0
3069,1026,1,1.0,1.0,0.058382673,2,1,2,0.412119627,0
3073,1030,1,-1.0,1.0,0.170426826,2,1,2,0.491701365,0
3074,1031,1,1.0,-1.0,0.099749555,2,1,1,0.414250851,0
3076,1033,-1,-1.0,1.0,0.099749555,2,1,2,0.56580615,0
3078,1035,0,-1.0,-1.0,0.85,2,1,1,0.451850653,0
3084,1041,1,1.0,1.0,0.497498683,2,1,2,0.291536808,0
3085,1042,1,1.0,-1.0,0.497498683,2,1,1,0.529446602,0
3088,1045,1,1.0,-1.0,0.058382673,2,0,2,0.673015594,0
3089,1046,1,1.0,1.0,0.291182282,2,1,2,0.514096737,0
3093,1050,0,-1.0,1.0,0.497498683,2,1,2,0.666628361,0
3094,1051,1,-1.0,1.0,0.497498683,2,1,2,0.336260319,0
3099,1056,1,-1.0,1.0,0.170426826,2,1,2,0.54161191,0
3100,1057,1,-1.0,-1.0,0.291182282,2,1,1,0.443439007,0
3104,1061,0,1.0,-1.0,0.099749555,2,0,2,0.352130175,0
3105,1062,1,-1.0,1.0,0.497498683,2,1,2,0.451399803,0
3107,1064,1,-1.0,1.0,0.099749555,2,1,2,0.513066292,0
3110,1067,-1,1.0,1.0,0.497498683,2,0,1,0.931327581,0
3114,1071,1,1.0,1.0,0.034170945,2,1,2,0.361977816,0
3117,1074,1,1.0,-1.0,0.034170945,2,1,1,0.355209589,0
3118,1075,1,1.0,-1.0,0.058382673,2,0,2,0.394793749,0
3119,1076,1,-1.0,-1.0,0.02,2,1,1,0.609034777,0
3121,1078,1,-1.0,1.0,0.170426826,2,1,2,0.380694389,0
3126,1083,-1,-1.0,-1.0,0.497498683,2,1,1,0.421427011,0
3127,1084,1,-1.0,1.0,0.02,2,1,2,0.309991598,0
3128,1085,1,-1.0,-1.0,0.034170945,2,1,1,0.347213984,0
3132,1089,1,-1.0,-1.0,0.170426826,2,1,1,0.446165085,0
3133,1090,1,1.0,-1.0,0.058382673,2,0,2,0.290977001,0
3134,1091,0,1.0,1.0,0.02,2,0,1,0.474940538,0
3137,1094,0,-1.0,-1.0,0.291182282,2,1,1,0.468894005,0
3138,1095,1,-1.0,1.0,0.034170945,2,0,1,0.386626959,0
3139,1096,1,1.0,1.0,0.291182282,2,0,1,0.458653927,0
3144,1101,-1,1.0,1.0,0.497498683,2,1,2,0.460841894,0
3149,1106,0,-1.0,-1.0,0.170426826,2,0,2,0.469441652,0
3150,1107,-1,-1.0,-1.0,0.058382673,2,1,1,0.429435015,0
3151,1108,1,-1.0,-1.0,0.497498683,2,1,1,0.275603533,0
3152,1109,1,1.0,1.0,0.291182282,2,1,2,0.289247274,0
3154,1111,1,1.0,1.0,0.291182282,2,1,2,0.254142761,0
3155,1112,1,-1.0,-1.0,0.034170945,2,1,1,0.190406799,0
3157,1114,1,-1.0,1.0,0.291182282,2,1,2,0.347920179,0
3158,1115,1,-1.0,1.0,0.099749555,2,0,1,0.327195883,0
3160,1117,1,-1.0,1.0,0.291182282,2,1,2,0.333255053,0
3162,0,0,0.0,0.0,0.0,0,0,0,0.0,0
3164,1121,1,-1.0,-1.0,0.497498683,2,0,2,0.477876902,0
3165,1122,1,1.0,-1.0,0.497498683,2,1,1,0.40083909,0
3166,1123,-1,1.0,1.0,0.099749555,2,1,2,0.446188688,0
3167,1124,-1,-1.0,-1.0,0.058382673,2,1,1,0.404763699,0
3169,0,0,0.0,0.0,0.0,0,0,0,0.0,0
3171,1128,1,-1.0,-1.0,0.497498683,2,1,1,0.388632774,0
3172,1129,1,1.0,-1.0,0.099749555,2,0,2,0.325883627,0
3173,1130,0,1.0,1.0,0.034170945,2,1,2,0.385614872,0
3174,1131,1,1.0,1.0,0.099749555,2,0,1,0.565411091,0
3177,1134,0,1.0,1.0,0.058382673,2,1,2,0.492726803,0
3181,1138,1,-1.0,-1.0,0.170426826,2,1,1,0.314182758,0
3185,1142,1,-1.0,1.0,0.291182282,2,1,2,0.56776762,0
3186,1143,0,-1.0,1.0,0.058382673,2,0,1,0.478998661,0
3187,1144,0,-1.0,1.0,0.099749555,2,0,1,0.389533043,0
3190,1147,-1,1.0,-1.0,0.058382673,2,1,1,0.377056837,0
3192,1149,-1,1.0,-1.0,0.02,2,1,1,0.201225519,0
3193,1150,0,-1.0,-1.0,0.85,2,1,1,1.072390079,0
3194,1151,-1,-1.0,1.0,0.058382673,2,0,1,0.453104734,0
3196,1153,0,1.0,-1.0,0.291182282,2,1,1,0.353604078,0
3197,1154,1,1.0,-1.0,0.170426826,2,0,2,0.510363579,0
3198,1155,1,-1.0,1.0,0.497498683,2,1,2,0.467790842,0
3200,1157,-1,1.0,-1.0,0.099749555,2,1,1,0.36200285,0
3203,1160,1,-1.0,1.0,0.034170945,2,0,1,0.32298708,0
3206,1163,1,-1.0,-1.0,0.85,2,1,1,1.421942949,0
3207,1164,1,1.0,-1.0,0.058382673,2,1,1,0.395974636,0
3208,1165,1,-1.0,-1.0,0.497498683,2,1,1,0.347096682,0
3209,1166,1,-1.0,-1.0,0.170426826,2,1,1,0.383812666,0
3210,1167,1,-1.0,1.0,0.497498683,2,1,2,0.422580004,0
3211,1168,1,-1.0,1.0,0.291182282,2,1,2,0.338776112,0
3213,1170,1,1.0,1.0,0.034170945,2,0,1,0.221482277,0
3214,1171,1,1.0,1.0,0.497498683,2,1,2,0.275686502,0
3216,1173,1,-1.0,-1.0,0.058382673,2,1,1,0.961988449,0
3217,1174,1,1.0,-1.0,0.497498683,2,0,2,0.51637435,0
3220,1177,1,1.0,1.0,0.85,2,1,2,0.245272875,0
3221,1178,1,-1.0,-1.0,0.034170945,2,0,2,0.278165817,0
3222,1179,0,-1.0,-1.0,0.170426826,2,1,1,0.287520647,0
3223,1180,-1,-1.0,-1.0,0.497498683,2,1,1,0.349394798,0
3224,1181,-1,-1.0,1.0,0.058382673,2,1,2,0.343693972,0
3228,1185,1,-1.0,-1.0,0.170426826,2,1,1,0.32731986,0
3229,1186,1,1.0,-1.0,0.497498683,2,1,1,0.384959459,0
3230,1187,0,-1.0,1.0,0.497498683,2,1,2,0.341977835,0
3234,1191,-1,-1.0,-1.0,0.099749555,2,1,1,0.493507147,0
3235,1192,1,-1.0,1.0,0.034170945,2,1,2,0.427709579,0
3237,1194,1,-1.0,1.0,0.034170945,2,0,1,0.531989574,0
3238,1195,1,-1.0,1.0,0.058382673,2,1,2,0.399962902,0
3242,1199,-1,1.0,-1.0,0.099749555,2,1,1,0.497817993,0
3243,1200,1,1.0,1.0,0.034170945,2,1,2,0.248390913,0
